Workbook

Sheet Roster & Roles
A1: Role | B1: Description & Default Duties | C1: Assigned Leader | D1: Contact Number | E1: Email
A2: Oversight Lead | B2: Coordinates the overall flow, handles live issues, and leads reflections. | C2: Ian Sinclair | D2: +27 63 893 9452 | E2: sinclairian2408@gmail.com
A3: Logistics Lead | B3: Manages physical setup: camp layout, shelters, fire, and equipment. | C3: Neil Harrower | D3: +27 71 950 8363 | E3: neilharrower@gmail.com
A4: Session Coordinator | B4: Facilitates core structured sessions (Malachi, Communion, Father/Son times). | C4: Marvin Welby-Solomon
A5: Administration | B5: Handles checklists, nametags, forms, and general paperwork. | C5: Paul Barter
A6: Activity Facilitator | B6: Runs the games, challenges (Clay Latte, Tug of War, etc.). | C6: Kingsley Williams | D6: +27 83 260 5311
A7: Catering / Food Lead | B7: Ensures meals are prepped, cooked, and cleaned up. | C7: Kevin de Wet | D7: +27 82 908 2460
A8: General Helper 1 | B8: Assists where needed. | C8: Raldo Kruger | D8: +27 84 511 8606
A9: General Helper 2 | B9: Assists where needed. | C9: Gavin Graham

Sheet Dynamic Run Sheet
A1: Camp Start Time: | C1: 46053.625 | D1: <-- Change this single cell to shift the entire schedule
A4: Day | B4: Phase | C4: Duration (min) | D4: Calculated Start | E4: Calculated End | F4: Activity / Task | G4: Default Role | H4: Custom Leader Override | I4: Final Assigned Leader
A5: Saturday | B5: Arrival | C5: 30 | D5: =C1 -> 0 | E5: =D5 + (C5/1440) -> 0 | F5: Arrive at camp, name tags, get to know contacts | G5: Administration | I5: =IF(H5="", IFERROR(VLOOKUP(G5, 'Roster & Roles'!A:C, 3, FALSE), "Unassigned"), H5) -> 0
A6: Saturday | B6: Ice Breaker | C6: 30 | D6: =E5 -> 0 | E6: =D6 + (C6/1440) -> 0 | F6: Get to know each other (Boys introduce Fathers, name game) | G6: Activity Facilitator | I6: =IF(H6="", IFERROR(VLOOKUP(G6, 'Roster & Roles'!A:C, 3, FALSE), "Unassigned"), H6) -> 0
A7: Saturday | B7: Activity | C7: 90 | D7: =E6 -> 0 | E7: =D7 + (C7/1440) -> 0 | F7: Father and daughter activities (Clay Latte) & Dam swim | G7: Activity Facilitator | I7: =IF(H7="", IFERROR(VLOOKUP(G7, 'Roster & Roles'!A:C, 3, FALSE), "Unassigned"), H7) -> 0
A8: Saturday | B8: Setup | C8: 90 | D8: =E7 -> 0 | E8: =D8 + (C8/1440) -> 0 | F8: Set-up shelters, Bivvie equipment, prepare fire | G8: Logistics Lead | I8: =IF(H8="", IFERROR(VLOOKUP(G8, 'Roster & Roles'!A:C, 3, FALSE), "Unassigned"), H8) -> 0
A9: Saturday | B9: Dinner Prep | C9: 60 | D9: =E8 -> 0 | E9: =D9 + (C9/1440) -> 0 | F9: Prepare and Cook Supper | G9: Catering / Food Lead | I9: =IF(H9="", IFERROR(VLOOKUP(G9, 'Roster & Roles'!A:C, 3, FALSE), "Unassigned"), H9) -> 0
A10: Saturday | B10: Dinner | C10: 30 | D10: =E9 -> 0 | E10: =D10 + (C10/1440) -> 0 | F10: Dads and daughters have supper together (quality time / questions) | G10: Oversight Lead | I10: =IF(H10="", IFERROR(VLOOKUP(G10, 'Roster & Roles'!A:C, 3, FALSE), "Unassigned"), H10) -> 0
A11: Saturday | B11: Evening | C11: 60 | D11: =E10 -> 0 | E11: =D11 + (C11/1440) -> 0 | F11: Marshmallows and stokbrood at fire, chat about questions | G11: Session Coordinator | I11: =IF(H11="", IFERROR(VLOOKUP(G11, 'Roster & Roles'!A:C, 3, FALSE), "Unassigned"), H11) -> 0
A12: Saturday | B12: Wind Down | C12: 60 | D12: =E11 -> 0 | E12: =D12 + (C12/1440) -> 0 | F12: Present skits and carving, end of evening debrief | G12: Oversight Lead | I12: =IF(H12="", IFERROR(VLOOKUP(G12, 'Roster & Roles'!A:C, 3, FALSE), "Unassigned"), H12) -> 0
A13: Saturday | B13: Lights Out | C13: 0 | D13: =E12 -> 0 | E13: =D13 + (C13/1440) -> 0 | F13: Bed time | G13: Oversight Lead | I13: =IF(H13="", IFERROR(VLOOKUP(G13, 'Roster & Roles'!A:C, 3, FALSE), "Unassigned"), H13) -> 0
A14: Sunday | B14: Morning | C14: 45 | D14: =E13 -> 0 | E14: =D14 + (C14/1440) -> 0 | F14: Wake up, dam swim, boil kettles, coffee | G14: Logistics Lead | I14: =IF(H14="", IFERROR(VLOOKUP(G14, 'Roster & Roles'!A:C, 3, FALSE), "Unassigned"), H14) -> 0
A15: Sunday | B15: Session 1 | C15: 90 | D15: =E14 -> 0 | E15: =D15 + (C15/1440) -> 0 | F15: Malachi discussion (sand demo) and communion | G15: Session Coordinator | I15: =IF(H15="", IFERROR(VLOOKUP(G15, 'Roster & Roles'!A:C, 3, FALSE), "Unassigned"), H15) -> 0
A16: Sunday | B16: Session 2 | C16: 15 | D16: =E15 -> 0 | E16: =D16 + (C16/1440) -> 0 | F16: Father and Daughter Quiet time (reflect on Malachi) | G16: Oversight Lead | I16: =IF(H16="", IFERROR(VLOOKUP(G16, 'Roster & Roles'!A:C, 3, FALSE), "Unassigned"), H16) -> 0
A17: Sunday | B17: Breakfast | C17: 60 | D17: =E16 -> 0 | E17: =D17 + (C17/1440) -> 0 | F17: Breakfast | G17: Catering / Food Lead | I17: =IF(H17="", IFERROR(VLOOKUP(G17, 'Roster & Roles'!A:C, 3, FALSE), "Unassigned"), H17) -> 0
... A22: Sunday | B22: Departure | C22: 0 | D22: =E21 -> 0 | E22: =D22 + (C22/1440) -> 0 | F22: Depart from camp | G22: Administration | I22: =IF(H22="", IFERROR(VLOOKUP(G22, 'Roster & Roles'!A:C, 3, FALSE), "Unassigned"), H22) -> 0

Sheet Equipment & Tasks
A1: Category | B1: Item / Task | C1: Qty | D1: Default Role | E1: Custom Override | F1: Final Assigned | G1: Status
A2: Setup | B2: Camp Layout | C2: 1 | D2: Logistics Lead | F2: =IF(E2="", IFERROR(VLOOKUP(D2, 'Roster & Roles'!A:C, 3, FALSE), "Unassigned"), E2) -> 0 | G2: Pending
A3: Setup | B3: Shelter / Tents | C3: 21 | D3: Logistics Lead | F3: =IF(E3="", IFERROR(VLOOKUP(D3, 'Roster & Roles'!A:C, 3, FALSE), "Unassigned"), E3) -> 0 | G3: Pending
A4: Food | B4: Washing bowl & cloth | C4: 1 set | D4: Catering / Food Lead | F4: =IF(E4="", IFERROR(VLOOKUP(D4, 'Roster & Roles'!A:C, 3, FALSE), "Unassigned"), E4) -> 0 | G4: Pending
A5: Food | B5: Coffee Instant | C5: 2 jars | D5: Catering / Food Lead | F5: =IF(E5="", IFERROR(VLOOKUP(D5, 'Roster & Roles'!A:C, 3, FALSE), "Unassigned"), E5) -> 0 | G5: Pending
A6: Activities | B6: Dad/Daughter Questions | C6: 16 | D6: Session Coordinator | F6: =IF(E6="", IFERROR(VLOOKUP(D6, 'Roster & Roles'!A:C, 3, FALSE), "Unassigned"), E6) -> 0 | G6: Pending
A7: Activities | B7: Stokbrood Stok | C7: 43 | D7: Logistics Lead | F7: =IF(E7="", IFERROR(VLOOKUP(D7, 'Roster & Roles'!A:C, 3, FALSE), "Unassigned"), E7) -> 0 | G7: Pending
A8: Activities | B8: Tug of war rope | C8: 1 | D8: Activity Facilitator | F8: =IF(E8="", IFERROR(VLOOKUP(D8, 'Roster & Roles'!A:C, 3, FALSE), "Unassigned"), E8) -> 0 | G8: Pending
A9: Activities | B9: Communion cups | C9: 50 | D9: Session Coordinator | F9: =IF(E9="", IFERROR(VLOOKUP(D9, 'Roster & Roles'!A:C, 3, FALSE), "Unassigned"), E9) -> 0 | G9: Pending
A10: Admin | B10: Name Tags | C10: 43 | D10: Administration | F10: =IF(E10="", IFERROR(VLOOKUP(D10, 'Roster & Roles'!A:C, 3, FALSE), "Unassigned"), E10) -> 0 | G10: Pending
A11: Safety | B11: First Aid Kit | C11: 1 | D11: Oversight Lead | F11: =IF(E11="", IFERROR(VLOOKUP(D11, 'Roster & Roles'!A:C, 3, FALSE), "Unassigned"), E11) -> 0 | G11: Pending
