Workbook

Sheet 1. Roster & Roles
A1: Roles & Volunteer Roster | F1: Camp Attendance Variables
F2: Dads | G2: 16
F3: Daughters | G3: 16
F4: Helpers / Leaders | G4: 11
F5: Total Participants | G5: =SUM(G2:G4) -> 0
A7: Role | B7: Detailed Description & Default Duties | C7: Assigned Leader | D7: Contact Number | E7: Email
A8: Oversight Lead | B8: • Ultimate decision-making authority during the camp. • Handles live issues (emergencies, weather changes). • Leads high-level reflections and debriefs. | C8: Ian Sinclair | D8: +27 63 893 9452 | E8: sinclairian2408@gmail.com
A9: Logistics Lead | B9: • Manages all physical setup and breakdown. • Coordinates camp layout, tents/bivvies, fire preparation. | C9: Neil Harrower | D9: +27 71 950 8363 | E9: neilharrower@gmail.com
A10: Session Coordinator | B10: • Facilitates the core structured spiritual/emotional sessions (e.g., Malachi discussion). | C10: Marvin Welby-Solomon
A11: Activity Facilitator | B11: • Brings high energy to run the games and challenges (Clay Latte, Tug of War, Name Games). | C11: Kingsley Williams | D11: +27 83 260 5311
A12: Catering / Fire Lead | B12: • For the kick-off camp, both dinner and breakfast will be brought by the father and daughter. The key role here is to ensure the communal fires are started on time and maintained. | C12: Kevin de Wet | D12: +27 82 908 2460
A13: Administration | B13: • Handles all paperwork, nametags, and gate-keeping. | C13: Paul Barter
A14: Youth Track Leader 1 | B14: • Supports youth-specific activities and engagement during free time.
A15: Youth Track Leader 2 | B15: • Supports youth-specific activities and engagement during free time.
A16: General Helper 1 | B16: Assists the Logistics and Catering leads where extra hands are needed. | C16: Raldo Kruger | D16: +27 84 511 8606
A17: General Helper 2 | B17: Assists the Activity Facilitator and Session Coordinator. | C17: Gavin Graham
A18: Communion Sub-Leader | B18: • Sub-task role to specifically run and administer the communion elements on Sunday morning. | C18: Richard Walker

Sheet 2. Dynamic Timetable
A1: Kickoff Camp Run Sheet
A2: Change the Camp Start Time below. Live tasks will calculate sequentially. Type into "Manual Start Override" to set a custom time.
B4: Camp Start Time: | C4: 0.625
A7: Day | B7: Manual Start Override | C7: Calculated Start | D7: Calculated End | E7: Duration (min) | F7: Activity Name | G7: Full Task Description | H7: Linked Equipment | I7: Default Role | J7: Change Ownership | K7: Final Leader | L7: Phase
A8: Saturday | C8: =IF(B8<>"", B8, $C$4) -> 0 | D8: =C8 + (E8/1440) -> 0 | E8: 30 | F8: Arrival | G8: Arrive at camp, name tags, get to know contacts | H8: {=IFERROR(JOIN(", ", _xlfn._xlws.FILTER('5. Activity Equipment'!A:A, '5. Activity Equipment'!D:D=F8)), "None")} -> 0 | I8: Administration | K8: =IF(J8="", IFERROR(VLOOKUP(I8, '1. Roster & Roles'!A:C, 3, FALSE), "Unassigned"), J8) -> 0 | L8: Arrival
A9: Saturday | C9: =IF(B9<>"", B9, D8) -> 0 | D9: =C9 + (E9/1440) -> 0 | E9: 30 | F9: Ice Breaker | G9: Get to know each other (Daughters introduce Fathers, name game) | H9: {=IFERROR(JOIN(", ", _xlfn._xlws.FILTER('5. Activity Equipment'!A:A, '5. Activity Equipment'!D:D=F9)), "None")} -> 0 | I9: Activity Facilitator | K9: =IF(J9="", IFERROR(VLOOKUP(I9, '1. Roster & Roles'!A:C, 3, FALSE), "Unassigned"), J9) -> 0 | L9: Ice Breaker
A10: Saturday | C10: =IF(B10<>"", B10, D9) -> 0 | D10: =C10 + (E10/1440) -> 0 | E10: 90 | F10: Clay Latte | G10: Father and daughter activities (Clay Latte) & Dam swim | H10: {=IFERROR(JOIN(", ", _xlfn._xlws.FILTER('5. Activity Equipment'!A:A, '5. Activity Equipment'!D:D=F10)), "None")} -> 0 | I10: Activity Facilitator | K10: =IF(J10="", IFERROR(VLOOKUP(I10, '1. Roster & Roles'!A:C, 3, FALSE), "Unassigned"), J10) -> 0 | L10: Activity
A11: Saturday | C11: =IF(B11<>"", B11, D10) -> 0 | D11: =C11 + (E11/1440) -> 0 | E11: 90 | F11: Camp Setup | G11: Set-up shelters, Bivvie equipment, prepare fire | H11: {=IFERROR(JOIN(", ", _xlfn._xlws.FILTER('5. Activity Equipment'!A:A, '5. Activity Equipment'!D:D=F11)), "None")} -> 0 | I11: Logistics Lead | K11: =IF(J11="", IFERROR(VLOOKUP(I11, '1. Roster & Roles'!A:C, 3, FALSE), "Unassigned"), J11) -> 0 | L11: Setup
A12: Saturday | C12: =IF(B12<>"", B12, D11) -> 0 | D12: =C12 + (E12/1440) -> 0 | E12: 60 | F12: Dinner Prep | G12: Ensure the fire is started on time and is ready with enough coals for families to cook. | H12: {=IFERROR(JOIN(", ", _xlfn._xlws.FILTER('5. Activity Equipment'!A:A, '5. Activity Equipment'!D:D=F12)), "None")} -> 0 | I12: Catering / Fire Lead | K12: =IF(J12="", IFERROR(VLOOKUP(I12, '1. Roster & Roles'!A:C, 3, FALSE), "Unassigned"), J12) -> 0 | L12: Dinner Prep
A13: Saturday | C13: =IF(B13<>"", B13, D12) -> 0 | D13: =C13 + (E13/1440) -> 0 | E13: 30 | F13: Dinner | G13: Dads and daughters cook and have supper together | H13: {=IFERROR(JOIN(", ", _xlfn._xlws.FILTER('5. Activity Equipment'!A:A, '5. Activity Equipment'!D:D=F13)), "None")} -> 0 | I13: Oversight Lead | K13: =IF(J13="", IFERROR(VLOOKUP(I13, '1. Roster & Roles'!A:C, 3, FALSE), "Unassigned"), J13) -> 0 | L13: Dinner
A14: Saturday | C14: =IF(B14<>"", B14, D13) -> 0 | D14: =C14 + (E14/1440) -> 0 | E14: 60 | F14: Stokbrood | G14: Marshmallows and stokbrood at fire, chat about questions | H14: {=IFERROR(JOIN(", ", _xlfn._xlws.FILTER('5. Activity Equipment'!A:A, '5. Activity Equipment'!D:D=F14)), "None")} -> 0 | I14: Session Coordinator | K14: =IF(J14="", IFERROR(VLOOKUP(I14, '1. Roster & Roles'!A:C, 3, FALSE), "Unassigned"), J14) -> 0 | L14: Evening
A15: Saturday | C15: =IF(B15<>"", B15, D14) -> 0 | D15: =C15 + (E15/1440) -> 0 | E15: 60 | F15: Skits & Debrief | G15: Present skits and carving, end of evening debrief | H15: {=IFERROR(JOIN(", ", _xlfn._xlws.FILTER('5. Activity Equipment'!A:A, '5. Activity Equipment'!D:D=F15)), "None")} -> 0 | I15: Oversight Lead | K15: =IF(J15="", IFERROR(VLOOKUP(I15, '1. Roster & Roles'!A:C, 3, FALSE), "Unassigned"), J15) -> 0 | L15: Wind Down
A16: Saturday | C16: =IF(B16<>"", B16, D15) -> 0 | D16: =C16 + (E16/1440) -> 0 | E16: 0 | F16: Bed Time | G16: Bed time | H16: {=IFERROR(JOIN(", ", _xlfn._xlws.FILTER('5. Activity Equipment'!A:A, '5. Activity Equipment'!D:D=F16)), "None")} -> 0 | I16: Oversight Lead | K16: =IF(J16="", IFERROR(VLOOKUP(I16, '1. Roster & Roles'!A:C, 3, FALSE), "Unassigned"), J16) -> 0 | L16: Lights Out
A17: Sunday | C17: =IF(B17<>"", B17, D16) -> 0 | D17: =C17 + (E17/1440) -> 0 | E17: 45 | F17: Wake Up | G17: Wake up, dam swim, boil kettles, coffee | H17: {=IFERROR(JOIN(", ", _xlfn._xlws.FILTER('5. Activity Equipment'!A:A, '5. Activity Equipment'!D:D=F17)), "None")} -> 0 | I17: Logistics Lead | K17: =IF(J17="", IFERROR(VLOOKUP(I17, '1. Roster & Roles'!A:C, 3, FALSE), "Unassigned"), J17) -> 0 | L17: Morning
A18: Sunday | C18: =IF(B18<>"", B18, D17) -> 0 | D18: =C18 + (E18/1440) -> 0 | E18: 90 | F18: Malachi | G18: Malachi discussion (sand demo) and communion | H18: {=IFERROR(JOIN(", ", _xlfn._xlws.FILTER('5. Activity Equipment'!A:A, '5. Activity Equipment'!D:D=F18)), "None")} -> 0 | I18: Session Coordinator | K18: =IF(J18="", IFERROR(VLOOKUP(I18, '1. Roster & Roles'!A:C, 3, FALSE), "Unassigned"), J18) -> 0 | L18: Session 1
A19: Sunday | C19: =IF(B19<>"", B19, D18) -> 0 | D19: =C19 + (E19/1440) -> 0 | E19: 30 | F19: Communion | G19: Administer Communion elements | H19: {=IFERROR(JOIN(", ", _xlfn._xlws.FILTER('5. Activity Equipment'!A:A, '5. Activity Equipment'!D:D=F19)), "None")} -> 0 | I19: Communion Sub-Leader | K19: =IF(J19="", IFERROR(VLOOKUP(I19, '1. Roster & Roles'!A:C, 3, FALSE), "Unassigned"), J19) -> 0 | L19: Communion
A20: Sunday | C20: =IF(B20<>"", B20, D19) -> 0 | D20: =C20 + (E20/1440) -> 0 | E20: 15 | F20: Quiet Time | G20: Father and Daughter Quiet time (reflect on Malachi) | H20: {=IFERROR(JOIN(", ", _xlfn._xlws.FILTER('5. Activity Equipment'!A:A, '5. Activity Equipment'!D:D=F20)), "None")} -> 0 | I20: Oversight Lead | K20: =IF(J20="", IFERROR(VLOOKUP(I20, '1. Roster & Roles'!A:C, 3, FALSE), "Unassigned"), J20) -> 0 | L20: Session 2
... A26: Sunday | C26: =IF(B26<>"", B26, D25) -> 0 | D26: =C26 + (E26/1440) -> 0 | E26: 0 | F26: Departure | G26: Depart from camp | H26: {=IFERROR(JOIN(", ", _xlfn._xlws.FILTER('5. Activity Equipment'!A:A, '5. Activity Equipment'!D:D=F26)), "None")} -> 0 | I26: Administration | K26: =IF(J26="", IFERROR(VLOOKUP(I26, '1. Roster & Roles'!A:C, 3, FALSE), "Unassigned"), J26) -> 0 | L26: Departure

Sheet 3. Task Checklist
A1: Pre-Camp Task Checklist
A2: Action items and pre-planning organization that need to be completed before arrival.
A5: Category | B5: Task Description | C5: Default Role | D5: Change Ownership | E5: Final Assigned | F5: Status
A6: Pre-Planning | B6: Finalize RSVP list and dietary requirements | C6: Administration | E6: =IF(D6="", IFERROR(VLOOKUP(C6, '1. Roster & Roles'!A:C, 3, FALSE), "Unassigned"), D6) -> 0 | F6: Not Started
A7: Pre-Planning | B7: Review medical forms | C7: Oversight Lead | E7: =IF(D7="", IFERROR(VLOOKUP(C7, '1. Roster & Roles'!A:C, 3, FALSE), "Unassigned"), D7) -> 0 | F7: Not Started
A8: Pre-Planning | B8: Purchase all shopping list items (Communal items) | C8: Catering / Fire Lead | E8: =IF(D8="", IFERROR(VLOOKUP(C8, '1. Roster & Roles'!A:C, 3, FALSE), "Unassigned"), D8) -> 0 | F8: Not Started
A9: Pre-Planning | B9: Print Name Tags and laminate Father/Daughter questions | C9: Administration | E9: =IF(D9="", IFERROR(VLOOKUP(C9, '1. Roster & Roles'!A:C, 3, FALSE), "Unassigned"), D9) -> 0 | F9: Not Started
A10: Pre-Planning | B10: Confirm venue access codes and final layout | C10: Logistics Lead | E10: =IF(D10="", IFERROR(VLOOKUP(C10, '1. Roster & Roles'!A:C, 3, FALSE), "Unassigned"), D10) -> 0 | F10: Not Started
A11: Pre-Planning | B11: Pack all camp equipment, tents, and activities gear | C11: Logistics Lead | E11: =IF(D11="", IFERROR(VLOOKUP(C11, '1. Roster & Roles'!A:C, 3, FALSE), "Unassigned"), D11) -> 0 | F11: Not Started
A12: Pre-Planning | B12: Download YouTube Malachi scripture video | C12: Session Coordinator | E12: =IF(D12="", IFERROR(VLOOKUP(C12, '1. Roster & Roles'!A:C, 3, FALSE), "Unassigned"), D12) -> 0 | F12: Not Started

Sheet 4. Camp Equipment
A1: General Camp Equipment List
A2: Items required for general camp setup. These quantities do not typically change based on attendance.
A5: Item | B5: Qty | C5: Default Role | D5: Change Ownership | E5: Final Assigned | F5: Purchased/Packed Check
A6: Washing bowl | B6: 1 | C6: Logistics Lead | E6: =IF(D6="", IFERROR(VLOOKUP(C6, '1. Roster & Roles'!A:C, 3, FALSE), "Unassigned"), D6) -> 0 | F6: [ ]
A7: Dish towel | B7: 2 | C7: Logistics Lead | E7: =IF(D7="", IFERROR(VLOOKUP(C7, '1. Roster & Roles'!A:C, 3, FALSE), "Unassigned"), D7) -> 0 | F7: [ ]
A8: Dish cloth | B8: 5 | C8: Logistics Lead | E8: =IF(D8="", IFERROR(VLOOKUP(C8, '1. Roster & Roles'!A:C, 3, FALSE), "Unassigned"), D8) -> 0 | F8: [ ]
A9: Dish scourers | B9: 5 | C9: Logistics Lead | E9: =IF(D9="", IFERROR(VLOOKUP(C9, '1. Roster & Roles'!A:C, 3, FALSE), "Unassigned"), D9) -> 0 | F9: [ ]
A10: Dish washing liquid | B10: 1 | C10: Logistics Lead | E10: =IF(D10="", IFERROR(VLOOKUP(C10, '1. Roster & Roles'!A:C, 3, FALSE), "Unassigned"), D10) -> 0 | F10: [ ]
A11: Chopping board (wooden) | B11: 4 | C11: Catering / Fire Lead | E11: =IF(D11="", IFERROR(VLOOKUP(C11, '1. Roster & Roles'!A:C, 3, FALSE), "Unassigned"), D11) -> 0 | F11: [ ]
A12: Garbage bags | B12: 5 | C12: Logistics Lead | E12: =IF(D12="", IFERROR(VLOOKUP(C12, '1. Roster & Roles'!A:C, 3, FALSE), "Unassigned"), D12) -> 0 | F12: [ ]
A13: Spade | B13: 1 | C13: Logistics Lead | E13: =IF(D13="", IFERROR(VLOOKUP(C13, '1. Roster & Roles'!A:C, 3, FALSE), "Unassigned"), D13) -> 0 | F13: [ ]
A14: Water Carrier | B14: 1 | C14: Logistics Lead | E14: =IF(D14="", IFERROR(VLOOKUP(C14, '1. Roster & Roles'!A:C, 3, FALSE), "Unassigned"), D14) -> 0 | F14: [ ]
A15: Gas bottles | B15: 2 | C15: Logistics Lead | E15: =IF(D15="", IFERROR(VLOOKUP(C15, '1. Roster & Roles'!A:C, 3, FALSE), "Unassigned"), D15) -> 0 | F15: [ ]
A16: Gas kettle (Large) | B16: 1 | C16: Logistics Lead | E16: =IF(D16="", IFERROR(VLOOKUP(C16, '1. Roster & Roles'!A:C, 3, FALSE), "Unassigned"), D16) -> 0 | F16: [ ]
A17: Gas plate | B17: 2 | C17: Logistics Lead | E17: =IF(D17="", IFERROR(VLOOKUP(C17, '1. Roster & Roles'!A:C, 3, FALSE), "Unassigned"), D17) -> 0 | F17: [ ]
... A30: Mallet | B30: 1 | C30: Logistics Lead | E30: =IF(D30="", IFERROR(VLOOKUP(C30, '1. Roster & Roles'!A:C, 3, FALSE), "Unassigned"), D30) -> 0 | F30: [ ]

Sheet 5. Activity Equipment
A1: Activity Specific Equipment List
A2: Quantities dynamically adjust based on Total Participants set in Tab 1.
A5: Item | B5: Base Formula | C5: Calculated Qty | D5: Linked Activity | E5: Default Role | F5: Change Ownership | G5: Final Assigned | H5: Packed Check
A6: Prop for earth shaking | B6: Static | C6: 1 | D6: Malachi | E6: Session Coordinator | G6: =IF(E6="", IFERROR(VLOOKUP(D6, '1. Roster & Roles'!A:C, 3, FALSE), "Unassigned"), E6) -> 0 | H6: [ ]
A7: Speaker | B7: Static | C7: 1 | D7: Malachi | E7: Logistics Lead | G7: =IF(E7="", IFERROR(VLOOKUP(D7, '1. Roster & Roles'!A:C, 3, FALSE), "Unassigned"), E7) -> 0 | H7: [ ]
A8: Projector | B8: Static | C8: 1 | D8: Malachi | E8: Logistics Lead | G8: =IF(E8="", IFERROR(VLOOKUP(D8, '1. Roster & Roles'!A:C, 3, FALSE), "Unassigned"), E8) -> 0 | H8: [ ]
A9: Downloaded YouTube Malachi video | B9: Static | C9: 1 | D9: Malachi | E9: Session Coordinator | G9: =IF(E9="", IFERROR(VLOOKUP(D9, '1. Roster & Roles'!A:C, 3, FALSE), "Unassigned"), E9) -> 0 | H9: [ ]
A10: Dad and daughter questions | B10: 1 per pair | C10: ='1. Roster & Roles'!$G$2 -> 0 | D10: Stokbrood | E10: Session Coordinator | G10: =IF(E10="", IFERROR(VLOOKUP(D10, '1. Roster & Roles'!A:C, 3, FALSE), "Unassigned"), E10) -> 0 | H10: [ ]
A11: Stokbrood Stok | B11: 1 per person | C11: ='1. Roster & Roles'!$G$5 -> 0 | D11: Stokbrood | E11: Logistics Lead | G11: =IF(E11="", IFERROR(VLOOKUP(D11, '1. Roster & Roles'!A:C, 3, FALSE), "Unassigned"), E11) -> 0 | H11: [ ]
A12: Tug of war rope | B12: Static | C12: 1 | D12: Tug of War | E12: Activity Facilitator | G12: =IF(E12="", IFERROR(VLOOKUP(D12, '1. Roster & Roles'!A:C, 3, FALSE), "Unassigned"), E12) -> 0 | H12: [ ]
A13: Communion cups | B13: 1 per person | C13: ='1. Roster & Roles'!$G$5 -> 0 | D13: Communion | E13: Communion Sub-Leader | G13: =IF(E13="", IFERROR(VLOOKUP(D13, '1. Roster & Roles'!A:C, 3, FALSE), "Unassigned"), E13) -> 0 | H13: [ ]
A14: Claylatt | B14: 1 per person | C14: ='1. Roster & Roles'!$G$5 -> 0 | D14: Clay Latte | E14: Activity Facilitator | G14: =IF(E14="", IFERROR(VLOOKUP(D14, '1. Roster & Roles'!A:C, 3, FALSE), "Unassigned"), E14) -> 0 | H14: [ ]
A15: Clay - bag | B15: Static | C15: 1 | D15: Clay Latte | E15: Activity Facilitator | G15: =IF(E15="", IFERROR(VLOOKUP(D15, '1. Roster & Roles'!A:C, 3, FALSE), "Unassigned"), E15) -> 0 | H15: [ ]
A16: Bivvy's (Shelter) | B16: Total / 2 | C16: =CEILING('1. Roster & Roles'!$G$5 / 2, 0.5) -> 0 | D16: Camp Setup | E16: Logistics Lead | G16: =IF(E16="", IFERROR(VLOOKUP(D16, '1. Roster & Roles'!A:C, 3, FALSE), "Unassigned"), E16) -> 0 | H16: [ ]
A17: Latte short (Shelter) | B17: 1 per person | C17: ='1. Roster & Roles'!$G$5 -> 0 | D17: Camp Setup | E17: Logistics Lead | G17: =IF(E17="", IFERROR(VLOOKUP(D17, '1. Roster & Roles'!A:C, 3, FALSE), "Unassigned"), E17) -> 0 | H17: [ ]
A18: Latte long (Shelter) | B18: 1 per person | C18: ='1. Roster & Roles'!$G$5 -> 0 | D18: Camp Setup | E18: Logistics Lead | G18: =IF(E18="", IFERROR(VLOOKUP(D18, '1. Roster & Roles'!A:C, 3, FALSE), "Unassigned"), E18) -> 0 | H18: [ ]
A19: Guy ropes (Shelter) | B19: 2 per person | C19: ='1. Roster & Roles'!$G$5 * 2 -> 0 | D19: Camp Setup | E19: Logistics Lead | G19: =IF(E19="", IFERROR(VLOOKUP(D19, '1. Roster & Roles'!A:C, 3, FALSE), "Unassigned"), E19) -> 0 | H19: [ ]
A20: Pegs (Shelter) | B20: 2 per person | C20: ='1. Roster & Roles'!$G$5 * 2 -> 0 | D20: Camp Setup | E20: Logistics Lead | G20: =IF(E20="", IFERROR(VLOOKUP(D20, '1. Roster & Roles'!A:C, 3, FALSE), "Unassigned"), E20) -> 0 | H20: [ ]

Sheet 6. Food Shopping
A1: Communal Food & Catering Shopping List
A2: Quantities dynamically adjust based on Total Participants set in Tab 1. Note: Fathers/Daughters bring their own dinner & breakfast foods.
A5: Item | B5: Calculated Qty needed | C5: Default Role | D5: Change Ownership | E5: Final Assigned | F5: Purchased Check
A6: Dough for stokbrood | B6: ='1. Roster & Roles'!$G$5 & " portions" -> 0 | C6: Catering / Fire Lead | E6: =IF(D6="", IFERROR(VLOOKUP(C6, '1. Roster & Roles'!A:C, 3, FALSE), "Unassigned"), D6) -> 0 | F6: [ ]
A7: Coffee Instant | B7: =ROUNDUP('1. Roster & Roles'!$G$5 / 20, 0) & " jars" -> 0 | C7: Catering / Fire Lead | E7: =IF(D7="", IFERROR(VLOOKUP(C7, '1. Roster & Roles'!A:C, 3, FALSE), "Unassigned"), D7) -> 0 | F7: [ ]
A8: Coffee Ground | B8: =ROUNDUP('1. Roster & Roles'!$G$5 / 40, 0) & " Kg" -> 0 | C8: Catering / Fire Lead | E8: =IF(D8="", IFERROR(VLOOKUP(C8, '1. Roster & Roles'!A:C, 3, FALSE), "Unassigned"), D8) -> 0 | F8: [ ]
A9: Long life milk | B9: =ROUNDUP('1. Roster & Roles'!$G$5 * 0.28, 0) & " L" -> 0 | C9: Catering / Fire Lead | E9: =IF(D9="", IFERROR(VLOOKUP(C9, '1. Roster & Roles'!A:C, 3, FALSE), "Unassigned"), D9) -> 0 | F9: [ ]
A10: Sugar | B10: 1kg | C10: Catering / Fire Lead | E10: =IF(D10="", IFERROR(VLOOKUP(C10, '1. Roster & Roles'!A:C, 3, FALSE), "Unassigned"), D10) -> 0 | F10: [ ]
A11: Rusks | B11: =ROUNDUP('1. Roster & Roles'!$G$5 / 6, 0) & " boxes" -> 0 | C11: Catering / Fire Lead | E11: =IF(D11="", IFERROR(VLOOKUP(C11, '1. Roster & Roles'!A:C, 3, FALSE), "Unassigned"), D11) -> 0 | F11: [ ]
A12: Braai Brood (stok brood) | B12: =ROUNDUP('1. Roster & Roles'!$G$5 / 7, 0) & " bags" -> 0 | C12: Catering / Fire Lead | E12: =IF(D12="", IFERROR(VLOOKUP(C12, '1. Roster & Roles'!A:C, 3, FALSE), "Unassigned"), D12) -> 0 | F12: [ ]
A13: Marshmallows | B13: =ROUNDUP('1. Roster & Roles'!$G$5 / 14, 0) & " x 300g packets" -> 0 | C13: Catering / Fire Lead | E13: =IF(D13="", IFERROR(VLOOKUP(C13, '1. Roster & Roles'!A:C, 3, FALSE), "Unassigned"), D13) -> 0 | F13: [ ]
A14: Mieliemeal | B14: 1kg | C14: Catering / Fire Lead | E14: =IF(D14="", IFERROR(VLOOKUP(C14, '1. Roster & Roles'!A:C, 3, FALSE), "Unassigned"), D14) -> 0 | F14: [ ]
A15: Rooibos | B15: 1 box | C15: Catering / Fire Lead | E15: =IF(D15="", IFERROR(VLOOKUP(C15, '1. Roster & Roles'!A:C, 3, FALSE), "Unassigned"), D15) -> 0 | F15: [ ]
A16: Ceylon | B16: 1 box | C16: Catering / Fire Lead | E16: =IF(D16="", IFERROR(VLOOKUP(C16, '1. Roster & Roles'!A:C, 3, FALSE), "Unassigned"), D16) -> 0 | F16: [ ]
A17: Hot chocolate | B17: =ROUNDUP('1. Roster & Roles'!$G$5 / 40, 0) & " x 500g packets" -> 0 | C17: Catering / Fire Lead | E17: =IF(D17="", IFERROR(VLOOKUP(C17, '1. Roster & Roles'!A:C, 3, FALSE), "Unassigned"), D17) -> 0 | F17: [ ]
A18: Marie biscuits | B18: =ROUNDUP('1. Roster & Roles'!$G$5 / 10, 0) & " pkts" -> 0 | C18: Catering / Fire Lead | E18: =IF(D18="", IFERROR(VLOOKUP(C18, '1. Roster & Roles'!A:C, 3, FALSE), "Unassigned"), D18) -> 0 | F18: [ ]
A19: Tomato sauce | B19: 2 bottles | C19: Catering / Fire Lead | E19: =IF(D19="", IFERROR(VLOOKUP(C19, '1. Roster & Roles'!A:C, 3, FALSE), "Unassigned"), D19) -> 0 | F19: [ ]
A20: Syrup | B20: 1 x 500g | C20: Catering / Fire Lead | E20: =IF(D20="", IFERROR(VLOOKUP(C20, '1. Roster & Roles'!A:C, 3, FALSE), "Unassigned"), D20) -> 0 | F20: [ ]
A21: Communion juice (Grape) | B21: =ROUNDUP('1. Roster & Roles'!$G$5 / 20, 0) & " L" -> 0 | C21: Catering / Fire Lead | E21: =IF(D21="", IFERROR(VLOOKUP(C21, '1. Roster & Roles'!A:C, 3, FALSE), "Unassigned"), D21) -> 0 | F21: [ ]
A22: Butro Butter | B22: 500g | C22: Catering / Fire Lead | E22: =IF(D22="", IFERROR(VLOOKUP(C22, '1. Roster & Roles'!A:C, 3, FALSE), "Unassigned"), D22) -> 0 | F22: [ ]
A23: Communion loaf | B23: 1 loaf | C23: Catering / Fire Lead | E23: =IF(D23="", IFERROR(VLOOKUP(C23, '1. Roster & Roles'!A:C, 3, FALSE), "Unassigned"), D23) -> 0 | F23: [ ]

Sheet 7. Activity Playbook
A1: Activity Playbook
A2: Detailed instructions and considerations for the lead running each activity.
A5: Linked Activity | B5: Goal / Objective | C5: Instructions & Lead Considerations
A6: Ice Breaker | B6: Break the initial tension and get everyone laughing and connecting. | C6: STEPS: 1. Have daughters introduce their fathers to the group (and vice versa). 2. Play a quick "Name Game" or "Two Truths and a Lie" (Camp Edition). LEAD CONSIDERATION: • Keep the energy high and fast-paced. • Don't let introductions drag on too long. • Ensure every single person feels seen and heard.
A7: Clay Latte | B7: Draw fathers and daughters together through teamwork and physical connection. | C7: STEPS: 1. Tie the dad and daughter together at the ankles or wrists with a guy rope. 2. Set up an obstacle course or a challenge (e.g. crossing a line while carrying a cup of water, or building a clay structure). LEAD CONSIDERATION: • Emphasize that the goal isn't just winning, it's communicating and moving as one unit. • If frustration builds, pause and remind them to listen to each other.
A8: Stokbrood | B8: Quality, guided conversational time in a relaxed setting. | C8: STEPS: 1. Layout tables, maize meal, dough, stokke (sticks), syrup, and marshmallows near the fire. 2. Ensure the printed question cards are handed out to each pair. 3. As they cook their stokbrood, fathers and daughters use the cards to spark deep conversations. LEAD CONSIDERATION: • Keep the fire well-stoked but safe. • Give families enough physical space around the fire to have private conversations. • Do not interrupt them once they are deep in conversation.
A9: Skits & Debrief | B9: Lighthearted fun followed by grounding the day's experiences. | C9: STEPS: 1. Allow 10-15 minutes for groups to prepare a short, funny skit about something that happened today. 2. Follow up by presenting the carving (if applicable) and summarizing the key takeaways from Saturday. LEAD CONSIDERATION: • Set a supportive, cheering tone for the skits. • Transition smoothly from the loud fun of the skits into a calmer, more reflective tone for the debrief before bed.
A10: Malachi | B10: Spiritual reflection on restoration and the turning of hearts. | C10: STEPS: 1. Show the downloaded YouTube video of the Malachi scripture (Malachi 4:6) using the projector and speaker. 2. Perform the Sand Demo: Use a tray with shaking sand to demonstrate how things naturally drift apart or settle, and discuss how intentional action (turning towards each other) is the solution. LEAD CONSIDERATION: • This is a visually and emotionally impactful session. • Ensure the tech (projector/speaker) is tested well beforehand. • Speak slowly and let the metaphor sink in.
A11: Communion | B11: Spiritual reflection, forgiveness, and partaking in the covenant together. | C11: STEPS: 1. Provide the elements (grape juice and broken loaf) to each father/daughter pair. 2. Read Suggested Scriptures: 1 Corinthians 11:23-26 (The Lord's Supper) or Colossians 3:12-14 (Forgiveness and Love). 3. Guide the fathers to pray a blessing over their daughters before taking the elements. LEAD CONSIDERATION: • Create a quiet, reverent atmosphere. Allow ample time; do not rush this moment. • Have soft, instrumental worship music playing in the background if possible.
A12: Quiet Time | B12: Personal reflection on the Malachi session and Communion. | C12: STEPS: 1. Fathers and daughters separate briefly, or sit quietly together without speaking, to reflect or journal. LEAD CONSIDERATION: • Clearly define the boundaries (e.g. "We will reconvene in 15 minutes at the main tent"). • Keep the camp entirely quiet during this block.
A13: Manhood Talk | B13: Equipping fathers for the journey ahead, while daughters have a separate empowering session. | C13: STEPS: 1. Split the group: Dads in one area, daughters in another. 2. Lead a discussion with the dads about the weight and privilege of raising a daughter, drawing on the weekend's themes. LEAD CONSIDERATION: • Encourage vulnerability. • Ask open-ended questions like "What is your biggest fear in this season of her life?"
A14: Tug of War | B14: A final burst of fun, competitive teamwork before departing. | C14: STEPS: 1. Set up the tug of war rope in a clear, flat area. 2. Run several heats: Dads vs. Dads, Daughters vs. Daughters, and then mixed teams. LEAD CONSIDERATION: • Safety first—ensure the ground isn't slippery and nobody wraps the rope around their hands/wrists. • Keep it highly competitive but lighthearted. End on a massive high note!
