Workbook

Sheet 1. Roster & Roles
A1: Roles & Volunteer Roster
A2: Define the core roles and assign the primary volunteers to them.
A4: Role | B4: Detailed Description & Default Duties | C4: Assigned Leader | D4: Contact Number | E4: Email
A5: Oversight Lead | B5: • Ultimate decision-making authority during the camp. • Handles live issues (emergencies, weather changes). • Leads high-level reflections and debriefs. • NOT responsible for physical setup or micromanaging tasks; focuses on the overall flow and safety. | C5: Ian Sinclair | D5: +27 63 893 9452 | E5: sinclairian2408@gmail.com
A6: Logistics Lead | B6: • Manages all physical setup and breakdown. • Coordinates camp layout, tents/bivvies, fire preparation, and wood. • Ensures all physical camp equipment is transported, set up, and packed away safely. | C6: Neil Harrower | D6: +27 71 950 8363 | E6: neilharrower@gmail.com
A7: Session Coordinator | B7: • Facilitates the core structured spiritual/emotional sessions (e.g., Malachi discussion, Communion). • Ensures questions are printed and ready for the Father/Daughter quality time. • Drives the theological and relational goals of the camp. | C7: Marvin Welby-Solomon
A8: Administration | B8: • Handles all paperwork, nametags, and gate-keeping. • Checks people in upon arrival. • Tracks medical and dietary forms, and ensures all RSVPs match the attendees. | C8: Paul Barter
A9: Activity Facilitator | B9: • Brings high energy to run the games and challenges (Clay Latte, Tug of War, Name Games). • Ensures equipment for games (ropes, clay, etc.) is ready and safe. • Briefs the group on the rules of the activities. | C9: Kingsley Williams | D9: +27 83 260 5311
A10: Catering / Food Lead | B10: • Owns the food schedule. Ensures meals are prepped on time. • Manages the "shopping list" items (coffee, milk, sugar, braai brood). • Coordinates the cleanup (washing bowls, dishwashing liquid). | C10: Kevin de Wet | D10: +27 82 908 2460
A11: General Helper 1 | B11: Assists the Logistics and Catering leads where extra hands are needed. | C11: Raldo Kruger | D11: +27 84 511 8606
A12: General Helper 2 | B12: Assists the Activity Facilitator and Session Coordinator. | C12: Gavin Graham

Sheet 2. Dynamic Timetable
A1: Kickoff Camp Run Sheet (Including Pre-Planning)
A2: Change the Camp Start Time below. Pre-camp tasks will calculate backwards based on their days offset. Live tasks will calculate sequentially.
B4: Camp Start Time: | D4: 46053.625 | E4: <-- Edit this cell to shift the entire timetable
A7: Day | B7: Phase | C7: Offset (Days Before) | D7: Duration (min) | E7: Calculated Start | F7: Calculated End | G7: Activity / Task | H7: Default Role | I7: Custom Override | J7: Final Leader
A8: Pre-Camp | B8: Planning | C8: -14 | D8: 60 | E8: =IF(ISNUMBER(C8), $D$4 + C8, $D$4) -> 0 | F8: =E8 + (D8/1440) -> 0 | G8: Finalize RSVP list and dietary requirements | H8: Administration | J8: =IF(I8="", IFERROR(VLOOKUP(H8, '1. Roster & Roles'!A:C, 3, FALSE), "Unassigned"), I8) -> 0
A9: Pre-Camp | B9: Planning | C9: -7 | D9: 60 | E9: =IF(ISNUMBER(C9), $D$4 + C9, F8) -> 0 | F9: =E9 + (D9/1440) -> 0 | G9: Review medical forms | H9: Oversight Lead | J9: =IF(I9="", IFERROR(VLOOKUP(H9, '1. Roster & Roles'!A:C, 3, FALSE), "Unassigned"), I9) -> 0
A10: Pre-Camp | B10: Prep | C10: -5 | D10: 120 | E10: =IF(ISNUMBER(C10), $D$4 + C10, F9) -> 0 | F10: =E10 + (D10/1440) -> 0 | G10: Purchase all shopping list items (Food/Drinks) | H10: Catering / Food Lead | J10: =IF(I10="", IFERROR(VLOOKUP(H10, '1. Roster & Roles'!A:C, 3, FALSE), "Unassigned"), I10) -> 0
A11: Pre-Camp | B11: Prep | C11: -3 | D11: 60 | E11: =IF(ISNUMBER(C11), $D$4 + C11, F10) -> 0 | F11: =E11 + (D11/1440) -> 0 | G11: Print Name Tags and laminate Father/Daughter questions | H11: Administration | J11: =IF(I11="", IFERROR(VLOOKUP(H11, '1. Roster & Roles'!A:C, 3, FALSE), "Unassigned"), I11) -> 0
A12: Pre-Camp | B12: Logistics | C12: -2 | D12: 60 | E12: =IF(ISNUMBER(C12), $D$4 + C12, F11) -> 0 | F12: =E12 + (D12/1440) -> 0 | G12: Confirm venue access codes and final layout | H12: Logistics Lead | J12: =IF(I12="", IFERROR(VLOOKUP(H12, '1. Roster & Roles'!A:C, 3, FALSE), "Unassigned"), I12) -> 0
A13: Pre-Camp | B13: Packing | C13: -1 | D13: 180 | E13: =IF(ISNUMBER(C13), $D$4 + C13, F12) -> 0 | F13: =E13 + (D13/1440) -> 0 | G13: Pack all camp equipment, tents, and activities gear | H13: Logistics Lead | J13: =IF(I13="", IFERROR(VLOOKUP(H13, '1. Roster & Roles'!A:C, 3, FALSE), "Unassigned"), I13) -> 0
A14: Pre-Camp | B14: Food Prep | C14: -1 | D14: 60 | E14: =IF(ISNUMBER(C14), $D$4 + C14, F13) -> 0 | F14: =E14 + (D14/1440) -> 0 | G14: Pre-pack braai brood and perishables | H14: Catering / Food Lead | J14: =IF(I14="", IFERROR(VLOOKUP(H14, '1. Roster & Roles'!A:C, 3, FALSE), "Unassigned"), I14) -> 0
A15: Saturday | B15: Travel | C15: -0.125 | D15: 90 | E15: =IF(ISNUMBER(C15), $D$4 + C15, F14) -> 0 | F15: =E15 + (D15/1440) -> 0 | G15: Drive to camp venue (3 hours before start) | H15: Oversight Lead | J15: =IF(I15="", IFERROR(VLOOKUP(H15, '1. Roster & Roles'!A:C, 3, FALSE), "Unassigned"), I15) -> 0
A16: Saturday | B16: Arrival | C16: 0 | D16: 30 | E16: =IF(ISNUMBER(C16), $D$4 + C16, F15) -> 0 | F16: =E16 + (D16/1440) -> 0 | G16: Arrive at camp, name tags, get to know contacts | H16: Administration | J16: =IF(I16="", IFERROR(VLOOKUP(H16, '1. Roster & Roles'!A:C, 3, FALSE), "Unassigned"), I16) -> 0
A17: Saturday | B17: Ice Breaker | D17: 30 | E17: =IF(ISNUMBER(C17), $D$4 + C17, F16) -> 0 | F17: =E17 + (D17/1440) -> 0 | G17: Get to know each other (Daughters introduce Fathers, name game) | H17: Activity Facilitator | J17: =IF(I17="", IFERROR(VLOOKUP(H17, '1. Roster & Roles'!A:C, 3, FALSE), "Unassigned"), I17) -> 0
A18: Saturday | B18: Activity | D18: 90 | E18: =IF(ISNUMBER(C18), $D$4 + C18, F17) -> 0 | F18: =E18 + (D18/1440) -> 0 | G18: Father and daughter activities (Clay Latte) & Dam swim | H18: Activity Facilitator | J18: =IF(I18="", IFERROR(VLOOKUP(H18, '1. Roster & Roles'!A:C, 3, FALSE), "Unassigned"), I18) -> 0
A19: Saturday | B19: Setup | D19: 90 | E19: =IF(ISNUMBER(C19), $D$4 + C19, F18) -> 0 | F19: =E19 + (D19/1440) -> 0 | G19: Set-up shelters, Bivvie equipment, prepare fire | H19: Logistics Lead | J19: =IF(I19="", IFERROR(VLOOKUP(H19, '1. Roster & Roles'!A:C, 3, FALSE), "Unassigned"), I19) -> 0
A20: Saturday | B20: Dinner Prep | D20: 60 | E20: =IF(ISNUMBER(C20), $D$4 + C20, F19) -> 0 | F20: =E20 + (D20/1440) -> 0 | G20: Prepare and Cook Supper | H20: Catering / Food Lead | J20: =IF(I20="", IFERROR(VLOOKUP(H20, '1. Roster & Roles'!A:C, 3, FALSE), "Unassigned"), I20) -> 0
A21: Saturday | B21: Dinner | D21: 30 | E21: =IF(ISNUMBER(C21), $D$4 + C21, F20) -> 0 | F21: =E21 + (D21/1440) -> 0 | G21: Dads and daughters have supper together (quality time / questions) | H21: Oversight Lead | J21: =IF(I21="", IFERROR(VLOOKUP(H21, '1. Roster & Roles'!A:C, 3, FALSE), "Unassigned"), I21) -> 0
A22: Saturday | B22: Evening | D22: 60 | E22: =IF(ISNUMBER(C22), $D$4 + C22, F21) -> 0 | F22: =E22 + (D22/1440) -> 0 | G22: Marshmallows and stokbrood at fire, chat about questions | H22: Session Coordinator | J22: =IF(I22="", IFERROR(VLOOKUP(H22, '1. Roster & Roles'!A:C, 3, FALSE), "Unassigned"), I22) -> 0
A23: Saturday | B23: Wind Down | D23: 60 | E23: =IF(ISNUMBER(C23), $D$4 + C23, F22) -> 0 | F23: =E23 + (D23/1440) -> 0 | G23: Present skits and carving, end of evening debrief | H23: Oversight Lead | J23: =IF(I23="", IFERROR(VLOOKUP(H23, '1. Roster & Roles'!A:C, 3, FALSE), "Unassigned"), I23) -> 0
A24: Saturday | B24: Lights Out | D24: 0 | E24: =IF(ISNUMBER(C24), $D$4 + C24, F23) -> 0 | F24: =E24 + (D24/1440) -> 0 | G24: Bed time | H24: Oversight Lead | J24: =IF(I24="", IFERROR(VLOOKUP(H24, '1. Roster & Roles'!A:C, 3, FALSE), "Unassigned"), I24) -> 0
A25: Sunday | B25: Morning | D25: 45 | E25: =IF(ISNUMBER(C25), $D$4 + C25, F24) -> 0 | F25: =E25 + (D25/1440) -> 0 | G25: Wake up, dam swim, boil kettles, coffee | H25: Logistics Lead | J25: =IF(I25="", IFERROR(VLOOKUP(H25, '1. Roster & Roles'!A:C, 3, FALSE), "Unassigned"), I25) -> 0
A26: Sunday | B26: Session 1 | D26: 90 | E26: =IF(ISNUMBER(C26), $D$4 + C26, F25) -> 0 | F26: =E26 + (D26/1440) -> 0 | G26: Malachi discussion (sand demo) and communion | H26: Session Coordinator | J26: =IF(I26="", IFERROR(VLOOKUP(H26, '1. Roster & Roles'!A:C, 3, FALSE), "Unassigned"), I26) -> 0
A27: Sunday | B27: Session 2 | D27: 15 | E27: =IF(ISNUMBER(C27), $D$4 + C27, F26) -> 0 | F27: =E27 + (D27/1440) -> 0 | G27: Father and Daughter Quiet time (reflect on Malachi) | H27: Oversight Lead | J27: =IF(I27="", IFERROR(VLOOKUP(H27, '1. Roster & Roles'!A:C, 3, FALSE), "Unassigned"), I27) -> 0
A28: Sunday | B28: Breakfast | D28: 60 | E28: =IF(ISNUMBER(C28), $D$4 + C28, F27) -> 0 | F28: =E28 + (D28/1440) -> 0 | G28: Breakfast | H28: Catering / Food Lead | J28: =IF(I28="", IFERROR(VLOOKUP(H28, '1. Roster & Roles'!A:C, 3, FALSE), "Unassigned"), I28) -> 0
... A33: Sunday | B33: Departure | D33: 0 | E33: =IF(ISNUMBER(C33), $D$4 + C33, F32) -> 0 | F33: =E33 + (D33/1440) -> 0 | G33: Depart from camp | H33: Administration | J33: =IF(I33="", IFERROR(VLOOKUP(H33, '1. Roster & Roles'!A:C, 3, FALSE), "Unassigned"), I33) -> 0

Sheet 3. Task Checklist
A1: General Task Checklist
A2: Action items that do not relate to physical equipment.
A5: Category | B5: Task Description | C5: Default Role | D5: Custom Override | E5: Final Assigned | F5: Status
A6: Administration | B6: Finalize RSVP list and dietary requirements | C6: Administration | E6: =IF(D6="", IFERROR(VLOOKUP(C6, '1. Roster & Roles'!A:C, 3, FALSE), "Unassigned"), D6) -> 0 | F6: Not Started
A7: Administration | B7: Print Name Tags | C7: Administration | E7: =IF(D7="", IFERROR(VLOOKUP(C7, '1. Roster & Roles'!A:C, 3, FALSE), "Unassigned"), D7) -> 0 | F7: Not Started
A8: Safety | B8: Review medical forms | C8: Oversight Lead | E8: =IF(D8="", IFERROR(VLOOKUP(C8, '1. Roster & Roles'!A:C, 3, FALSE), "Unassigned"), D8) -> 0 | F8: Not Started
A9: Activities | B9: Laminate Father/Daughter questions | C9: Session Coordinator | E9: =IF(D9="", IFERROR(VLOOKUP(C9, '1. Roster & Roles'!A:C, 3, FALSE), "Unassigned"), D9) -> 0 | F9: Not Started
A10: Logistics | B10: Confirm venue booking and access code | C10: Logistics Lead | E10: =IF(D10="", IFERROR(VLOOKUP(C10, '1. Roster & Roles'!A:C, 3, FALSE), "Unassigned"), D10) -> 0 | F10: Not Started
A11: Food | B11: Purchase all shopping list items | C11: Catering / Food Lead | E11: =IF(D11="", IFERROR(VLOOKUP(C11, '1. Roster & Roles'!A:C, 3, FALSE), "Unassigned"), D11) -> 0 | F11: Not Started
A12: Food | B12: Pre-pack braai brood | C12: Catering / Food Lead | E12: =IF(D12="", IFERROR(VLOOKUP(C12, '1. Roster & Roles'!A:C, 3, FALSE), "Unassigned"), D12) -> 0 | F12: Not Started

Sheet 4. Equipment & Shopping
A1: Master Equipment & Shopping List
A2: All physical items grouped by category.
A5: Category | B5: Item | C5: Qty | D5: Default Role | E5: Custom Override | F5: Final Assigned | G5: Status
A6: Camp Equipment | B6: Washing bowl | C6: 1 | D6: Logistics Lead | F6: =IF(E6="", IFERROR(VLOOKUP(D6, '1. Roster & Roles'!A:C, 3, FALSE), "Unassigned"), E6) -> 0 | G6: Pending
A7: Camp Equipment | B7: Dish towel | C7: 2 | D7: Logistics Lead | F7: =IF(E7="", IFERROR(VLOOKUP(D7, '1. Roster & Roles'!A:C, 3, FALSE), "Unassigned"), E7) -> 0 | G7: Pending
A8: Camp Equipment | B8: Dish cloth | C8: 5 | D8: Logistics Lead | F8: =IF(E8="", IFERROR(VLOOKUP(D8, '1. Roster & Roles'!A:C, 3, FALSE), "Unassigned"), E8) -> 0 | G8: Pending
A9: Camp Equipment | B9: Dish scourers | C9: 5 | D9: Logistics Lead | F9: =IF(E9="", IFERROR(VLOOKUP(D9, '1. Roster & Roles'!A:C, 3, FALSE), "Unassigned"), E9) -> 0 | G9: Pending
A10: Camp Equipment | B10: Dish washing liquid | C10: 1 | D10: Logistics Lead | F10: =IF(E10="", IFERROR(VLOOKUP(D10, '1. Roster & Roles'!A:C, 3, FALSE), "Unassigned"), E10) -> 0 | G10: Pending
A11: Camp Equipment | B11: Chopping board (wooden) | C11: 4 | D11: Catering / Food Lead | F11: =IF(E11="", IFERROR(VLOOKUP(D11, '1. Roster & Roles'!A:C, 3, FALSE), "Unassigned"), E11) -> 0 | G11: Pending
A12: Camp Equipment | B12: Garbage bags | C12: 5 | D12: Logistics Lead | F12: =IF(E12="", IFERROR(VLOOKUP(D12, '1. Roster & Roles'!A:C, 3, FALSE), "Unassigned"), E12) -> 0 | G12: Pending
A13: Camp Equipment | B13: Spade | C13: 1 | D13: Logistics Lead | F13: =IF(E13="", IFERROR(VLOOKUP(D13, '1. Roster & Roles'!A:C, 3, FALSE), "Unassigned"), E13) -> 0 | G13: Pending
A14: Camp Equipment | B14: Water Carrier | C14: 1 | D14: Logistics Lead | F14: =IF(E14="", IFERROR(VLOOKUP(D14, '1. Roster & Roles'!A:C, 3, FALSE), "Unassigned"), E14) -> 0 | G14: Pending
A15: Camp Equipment | B15: Gas bottles | C15: 2 | D15: Logistics Lead | F15: =IF(E15="", IFERROR(VLOOKUP(D15, '1. Roster & Roles'!A:C, 3, FALSE), "Unassigned"), E15) -> 0 | G15: Pending
A16: Camp Equipment | B16: Gas kettle (Large) | C16: 1 | D16: Logistics Lead | F16: =IF(E16="", IFERROR(VLOOKUP(D16, '1. Roster & Roles'!A:C, 3, FALSE), "Unassigned"), E16) -> 0 | G16: Pending
A17: Camp Equipment | B17: Gas plate | C17: 2 | D17: Logistics Lead | F17: =IF(E17="", IFERROR(VLOOKUP(D17, '1. Roster & Roles'!A:C, 3, FALSE), "Unassigned"), E17) -> 0 | G17: Pending
... A68: Personal Equipment (Bring) | B68: Insect repellent | C68: 1/person | D68: Administration | F68: =IF(E68="", IFERROR(VLOOKUP(D68, '1. Roster & Roles'!A:C, 3, FALSE), "Unassigned"), E68) -> 0 | G68: Pending
