Workbook

Sheet 1. Settings & Leaders
A1: ⚙ Camp Settings & Leader Input
A2: Enter your camp attendance numbers and the master list of available leaders below.
A4: CAMP ATTENDANCE | D4: AVAILABLE LEADERS DIRECTORY
A5: Number of Dads | B5: 16 | D5: # | E5: Name | F5: Contact Number
A6: Number of Daughters | B6: 16 | D6: 1 | E6: Ian Sinclair | F6: +27 63 893 9452
A7: Helpers / Leaders | B7: 11 | D7: 2 | E7: Neil Harrower | F7: +27 71 950 8363
A8: TOTAL PARTICIPANTS | B8: =SUM(B5:B7) -> 0 | D8: 3 | E8: Marvin Welby-Solomon
D9: 4 | E9: Kingsley Williams | F9: +27 83 260 5311
D10: 5 | E10: Kevin de Wet | F10: +27 82 908 2460
D11: 6 | E11: Paul Barter
D12: 7 | E12: Raldo Kruger | F12: +27 84 511 8606
D13: 8 | E13: Gavin Graham
D14: 9 | E14: Richard Walker
D15: 10 | E15: Leader A (Youth)
D16: 11 | E16: Leader B (Youth)
D17: 12
D18: 13
D19: 14
D20: 15
D21: 16
D22: 17
D23: 18
D24: 19
D25: 20

Sheet 2. Roster & Roles
A1: 👥 Roles & Volunteer Roster
A2: Assign leaders from the Settings tab to each camp role. Contact info auto-fills.
A4: ROLE ASSIGNMENTS
A5: Role Title | B5: Description & Default Duties | C5: Assigned Leader | D5: Auto-Filled Contact
A6: Oversight Lead | B6: • Ultimate decision-making authority during the camp. • Handles live issues (emergencies, weather changes). • Leads high-level reflections and debriefs. | C6: Ian Sinclair | D6: =IFERROR(VLOOKUP(C6,'1. Settings & Leaders'!$E$6:$F$30,2,FALSE),"") -> 0
A7: Logistics Lead | B7: • Manages all physical setup and breakdown. • Coordinates camp layout, tents/bivvies, fire preparation. | C7: Neil Harrower | D7: =IFERROR(VLOOKUP(C7,'1. Settings & Leaders'!$E$6:$F$30,2,FALSE),"") -> 0
A8: Session Coordinator | B8: • Facilitates the core structured spiritual/emotional sessions (e.g., Malachi discussion). | C8: Marvin Welby-Solomon | D8: =IFERROR(VLOOKUP(C8,'1. Settings & Leaders'!$E$6:$F$30,2,FALSE),"") -> 0
A9: Activity Facilitator | B9: • Brings high energy to run the games and challenges (Clay Latte, Tug of War, Name Games). | C9: Kingsley Williams | D9: =IFERROR(VLOOKUP(C9,'1. Settings & Leaders'!$E$6:$F$30,2,FALSE),"") -> 0
A10: Catering / Fire Lead | B10: • For the kick-off camp, dinner and breakfast are brought by each father-daughter pair. • The key role is to ensure the communal fires are lit on time and properly maintained. | C10: Kevin de Wet | D10: =IFERROR(VLOOKUP(C10,'1. Settings & Leaders'!$E$6:$F$30,2,FALSE),"") -> 0
A11: Administration | B11: • Handles all paperwork, nametags, RSVPs, and gate-keeping. | C11: Paul Barter | D11: =IFERROR(VLOOKUP(C11,'1. Settings & Leaders'!$E$6:$F$30,2,FALSE),"") -> 0
A12: Youth Track Leader 1 | B12: • Supports youth-specific activities and engagement during free time. | C12: Leader A (Youth) | D12: =IFERROR(VLOOKUP(C12,'1. Settings & Leaders'!$E$6:$F$30,2,FALSE),"") -> 0
A13: Youth Track Leader 2 | B13: • Supports youth-specific activities and engagement during free time. | C13: Leader B (Youth) | D13: =IFERROR(VLOOKUP(C13,'1. Settings & Leaders'!$E$6:$F$30,2,FALSE),"") -> 0
A14: General Helper 1 | B14: • Assists the Logistics and Catering leads where extra hands are needed. | C14: Raldo Kruger | D14: =IFERROR(VLOOKUP(C14,'1. Settings & Leaders'!$E$6:$F$30,2,FALSE),"") -> 0
A15: General Helper 2 | B15: • Assists the Activity Facilitator and Session Coordinator. | C15: Gavin Graham | D15: =IFERROR(VLOOKUP(C15,'1. Settings & Leaders'!$E$6:$F$30,2,FALSE),"") -> 0
A16: Communion Sub-Leader | B16: • Sub-task role to run and administer the communion elements on Sunday morning. | C16: Richard Walker | D16: =IFERROR(VLOOKUP(C16,'1. Settings & Leaders'!$E$6:$F$30,2,FALSE),"") -> 0

Sheet 3. Detailed Timetable
A1: 📋 Detailed Run Sheet
A2: Change the start time below. All times cascade automatically. Override any cell by typing directly.
B4: Camp Start Time ▸ | C4: 0.625
A7: Day | B7: Start | C7: End | D7: Duration | E7: Activity | F7: Description | G7: Assigned Role | H7: Phase
A8: Saturday | B8: =$C$4 -> 0 | C8: =B8+(D8/1440) -> 0 | D8: 30 | E8: Arrival | F8: Arrive at camp, name tags, get to know contacts | G8: Administration | H8: Arrival
A9: Saturday | B9: =C8 -> 0 | C9: =B9+(D9/1440) -> 0 | D9: 30 | E9: Ice Breaker | F9: Get to know each other (Daughters introduce Fathers, name game) | G9: Activity Facilitator | H9: Ice Breaker
A10: Saturday | B10: =C9 -> 0 | C10: =B10+(D10/1440) -> 0 | D10: 90 | E10: Clay Latte | F10: Father-daughter activities (Clay Latte) & Dam swim | G10: Activity Facilitator | H10: Activity
A11: Saturday | B11: =C10 -> 0 | C11: =B11+(D11/1440) -> 0 | D11: 90 | E11: Camp Setup | F11: Set-up shelters, bivvy equipment, prepare fire | G11: Logistics Lead | H11: Setup
A12: Saturday | B12: =C11 -> 0 | C12: =B12+(D12/1440) -> 0 | D12: 60 | E12: Dinner Prep | F12: Ensure the fire is started on time with enough coals for families to cook. | G12: Catering / Fire Lead | H12: Dinner Prep
A13: Saturday | B13: =C12 -> 0 | C13: =B13+(D13/1440) -> 0 | D13: 30 | E13: Dinner | F13: Dads and daughters cook and have supper together | G13: Oversight Lead | H13: Dinner
A14: Saturday | B14: =C13 -> 0 | C14: =B14+(D14/1440) -> 0 | D14: 60 | E14: Stokbrood | F14: Marshmallows and stokbrood at fire, chat about question cards | G14: Session Coordinator | H14: Evening
A15: Saturday | B15: =C14 -> 0 | C15: =B15+(D15/1440) -> 0 | D15: 60 | E15: Skits & Debrief | F15: Present skits and carving, end of evening debrief | G15: Oversight Lead | H15: Wind Down
A16: Saturday | B16: =C15 -> 0 | C16: =B16+(D16/1440) -> 0 | D16: 0 | E16: Bed Time | F16: Lights out | G16: Oversight Lead | H16: Lights Out
A17: Sunday | B17: =C16 -> 0 | C17: =B17+(D17/1440) -> 0 | D17: 45 | E17: Wake Up | F17: Wake up, dam swim, boil kettles, coffee | G17: Logistics Lead | H17: Morning
A18: Sunday | B18: =C17 -> 0 | C18: =B18+(D18/1440) -> 0 | D18: 90 | E18: Malachi | F18: Malachi discussion (sand demo) and scripture video | G18: Session Coordinator | H18: Session 1
A19: Sunday | B19: =C18 -> 0 | C19: =B19+(D19/1440) -> 0 | D19: 30 | E19: Communion | F19: Administer communion elements | G19: Communion Sub-Leader | H19: Communion
A20: Sunday | B20: =C19 -> 0 | C20: =B20+(D20/1440) -> 0 | D20: 15 | E20: Quiet Time | F20: Father-daughter quiet time (reflect on Malachi) | G20: Oversight Lead | H20: Session 2
... A26: Sunday | B26: =C25 -> 0 | C26: =B26+(D26/1440) -> 0 | D26: 0 | E26: Departure | F26: Depart from camp | G26: Administration | H26: Departure

Sheet 4. Visual Schedule
A1: 🗓 Visual Camp Schedule
A2: Auto-updating overview. Print this page or view on your phone for a quick reference.
B4: ☀ SATURDAY | E4: 🌅 SUNDAY
B6: ='3. Detailed Timetable'!B8 -> 0 | C6: ='3. Detailed Timetable'!E8 -> 0 | E6: ='3. Detailed Timetable'!B17 -> 0 | F6: ='3. Detailed Timetable'!E17 -> 0
C7: ="Led by: "&'3. Detailed Timetable'!G8 -> 0 | F7: ="Led by: "&'3. Detailed Timetable'!G17 -> 0
B9: ='3. Detailed Timetable'!B9 -> 0 | C9: ='3. Detailed Timetable'!E9 -> 0 | E9: ='3. Detailed Timetable'!B18 -> 0 | F9: ='3. Detailed Timetable'!E18 -> 0
C10: ="Led by: "&'3. Detailed Timetable'!G9 -> 0 | F10: ="Led by: "&'3. Detailed Timetable'!G18 -> 0
B12: ='3. Detailed Timetable'!B10 -> 0 | C12: ='3. Detailed Timetable'!E10 -> 0 | E12: ='3. Detailed Timetable'!B19 -> 0 | F12: ='3. Detailed Timetable'!E19 -> 0
C13: ="Led by: "&'3. Detailed Timetable'!G10 -> 0 | F13: ="Led by: "&'3. Detailed Timetable'!G19 -> 0
B15: ='3. Detailed Timetable'!B11 -> 0 | C15: ='3. Detailed Timetable'!E11 -> 0 | E15: ='3. Detailed Timetable'!B20 -> 0 | F15: ='3. Detailed Timetable'!E20 -> 0
C16: ="Led by: "&'3. Detailed Timetable'!G11 -> 0 | F16: ="Led by: "&'3. Detailed Timetable'!G20 -> 0
B18: ='3. Detailed Timetable'!B12 -> 0 | C18: ='3. Detailed Timetable'!E12 -> 0 | E18: ='3. Detailed Timetable'!B21 -> 0 | F18: ='3. Detailed Timetable'!E21 -> 0
C19: ="Led by: "&'3. Detailed Timetable'!G12 -> 0 | F19: ="Led by: "&'3. Detailed Timetable'!G21 -> 0
B21: ='3. Detailed Timetable'!B13 -> 0 | C21: ='3. Detailed Timetable'!E13 -> 0 | E21: ='3. Detailed Timetable'!B22 -> 0 | F21: ='3. Detailed Timetable'!E22 -> 0
C22: ="Led by: "&'3. Detailed Timetable'!G13 -> 0 | F22: ="Led by: "&'3. Detailed Timetable'!G22 -> 0
B24: ='3. Detailed Timetable'!B14 -> 0 | C24: ='3. Detailed Timetable'!E14 -> 0 | E24: ='3. Detailed Timetable'!B23 -> 0 | F24: ='3. Detailed Timetable'!E23 -> 0
C25: ="Led by: "&'3. Detailed Timetable'!G14 -> 0 | F25: ="Led by: "&'3. Detailed Timetable'!G23 -> 0
B27: ='3. Detailed Timetable'!B15 -> 0 | C27: ='3. Detailed Timetable'!E15 -> 0 | E27: ='3. Detailed Timetable'!B24 -> 0 | F27: ='3. Detailed Timetable'!E24 -> 0
C28: ="Led by: "&'3. Detailed Timetable'!G15 -> 0 | F28: ="Led by: "&'3. Detailed Timetable'!G24 -> 0
B30: ='3. Detailed Timetable'!B16 -> 0 | C30: ='3. Detailed Timetable'!E16 -> 0 | E30: ='3. Detailed Timetable'!B25 -> 0 | F30: ='3. Detailed Timetable'!E25 -> 0
C31: ="Led by: "&'3. Detailed Timetable'!G16 -> 0 | F31: ="Led by: "&'3. Detailed Timetable'!G25 -> 0
E33: ='3. Detailed Timetable'!B26 -> 0 | F33: ='3. Detailed Timetable'!E26 -> 0
F34: ="Led by: "&'3. Detailed Timetable'!G26 -> 0

Sheet 5. Pre-Camp Tasks
A1: ✅ Pre-Camp Task Checklist
A2: Action items that must be completed before arrival at the camp venue.
A4: PRE-PLANNING TASKS
A5: Category | B5: Task Description | C5: Assigned Role | D5: Status | E5: Notes
A6: Pre-Planning | B6: Finalize RSVP list and dietary requirements | C6: Administration | D6: Not Started
A7: Pre-Planning | B7: Review medical forms and emergency contacts | C7: Oversight Lead | D7: Not Started
A8: Pre-Planning | B8: Purchase all communal shopping list items (see Food tab) | C8: Catering / Fire Lead | D8: Not Started
A9: Pre-Planning | B9: Print name tags and laminate father/daughter question cards | C9: Administration | D9: Not Started
A10: Pre-Planning | B10: Confirm venue access codes and agree on final camp layout | C10: Logistics Lead | D10: Not Started
A11: Pre-Planning | B11: Pack all camp equipment, tents, and activity gear | C11: Logistics Lead | D11: Not Started
A12: Pre-Planning | B12: Download YouTube Malachi scripture video to a device | C12: Session Coordinator | D12: Not Started
A13: Pre-Planning | B13: Test projector and speaker with downloaded video | C13: Session Coordinator | D13: Not Started
A14: Pre-Planning | B14: Communicate final packing list to all fathers | C14: Administration | D14: Not Started
A15: Pre-Planning | B15: Prepare communion elements (bread loaf, grape juice) | C15: Communion Sub-Leader | D15: Not Started

Sheet 6. Camp Equipment
A1: 🏕 General Camp Equipment
A2: Core items for camp setup. Static quantities — not attendance-dependent.
A4: GENERAL EQUIPMENT CHECKLIST
A5: Item | B5: Qty | C5: Assigned Role | D5: Status | E5: Notes
A6: Washing bowl | B6: 1 | C6: Logistics Lead | D6: To Buy
A7: Dish towel | B7: 2 | C7: Logistics Lead | D7: To Buy
A8: Dish cloth | B8: 5 | C8: Logistics Lead | D8: To Buy
A9: Dish scourers | B9: 5 | C9: Logistics Lead | D9: To Buy
A10: Dish washing liquid | B10: 1 | C10: Logistics Lead | D10: To Buy
A11: Chopping board (wooden) | B11: 4 | C11: Catering / Fire Lead | D11: To Buy
A12: Garbage bags | B12: 5 | C12: Logistics Lead | D12: To Buy
A13: Spade | B13: 1 | C13: Logistics Lead | D13: To Buy
A14: Water Carrier | B14: 1 | C14: Logistics Lead | D14: To Buy
A15: Gas bottles | B15: 2 | C15: Logistics Lead | D15: To Buy
A16: Gas kettle (Large) | B16: 1 | C16: Logistics Lead | D16: To Buy
A17: Gas plate | B17: 2 | C17: Logistics Lead | D17: To Buy
... A30: Mallet | B30: 1 | C30: Logistics Lead | D30: To Buy

Sheet 7. Activity Equipment
A1: 🎯 Activity-Specific Equipment
A2: Quantities scale dynamically from Total Participants in Tab 1.
A4: ACTIVITY EQUIPMENT (DYNAMIC QUANTITIES)
A5: Item | B5: Scaling Rule | C5: Calc. Qty | D5: Linked Activity | E5: Assigned Role | F5: Status | G5: Notes
A6: Prop for earth shaking | B6: Static | C6: 1 | D6: Malachi | E6: Session Coordinator | F6: To Buy
A7: Speaker | B7: Static | C7: 1 | D7: Malachi | E7: Logistics Lead | F7: To Buy
A8: Projector | B8: Static | C8: 1 | D8: Malachi | E8: Logistics Lead | F8: To Buy
A9: Downloaded Malachi video | B9: Static | C9: 1 | D9: Malachi | E9: Session Coordinator | F9: To Buy
A10: Dad & daughter question cards | B10: 1 per pair | C10: ='1. Settings & Leaders'!$B$5 -> 0 | D10: Stokbrood | E10: Session Coordinator | F10: To Buy
A11: Stokbrood sticks | B11: 1 per person | C11: ='1. Settings & Leaders'!$B$8 -> 0 | D11: Stokbrood | E11: Logistics Lead | F11: To Buy
A12: Tug of war rope | B12: Static | C12: 1 | D12: Tug of War | E12: Activity Facilitator | F12: To Buy
A13: Communion cups | B13: 1 per person | C13: ='1. Settings & Leaders'!$B$8 -> 0 | D13: Communion | E13: Communion Sub-Leader | F13: To Buy
A14: Claylatt | B14: 1 per person | C14: ='1. Settings & Leaders'!$B$8 -> 0 | D14: Clay Latte | E14: Activity Facilitator | F14: To Buy
A15: Clay — bag | B15: Static | C15: 1 | D15: Clay Latte | E15: Activity Facilitator | F15: To Buy
A16: Bivvy's (Shelter) | B16: Total ÷ 2 | C16: =CEILING('1. Settings & Leaders'!$B$8/2,0.5) -> 0 | D16: Camp Setup | E16: Logistics Lead | F16: To Buy
A17: Latte short (Shelter) | B17: 1 per person | C17: ='1. Settings & Leaders'!$B$8 -> 0 | D17: Camp Setup | E17: Logistics Lead | F17: To Buy
A18: Latte long (Shelter) | B18: 1 per person | C18: ='1. Settings & Leaders'!$B$8 -> 0 | D18: Camp Setup | E18: Logistics Lead | F18: To Buy
A19: Guy ropes (Shelter) | B19: 2 per person | C19: ='1. Settings & Leaders'!$B$8*2 -> 0 | D19: Camp Setup | E19: Logistics Lead | F19: To Buy
A20: Pegs (Shelter) | B20: 2 per person | C20: ='1. Settings & Leaders'!$B$8*2 -> 0 | D20: Camp Setup | E20: Logistics Lead | F20: To Buy

Sheet 8. Food Shopping
A1: 🛒 Food & Catering Shopping List
A2: Communal items only. Quantities auto-scale from Tab 1. Each family brings their own dinner & breakfast.
A4: COMMUNAL FOOD ITEMS
A5: Item | B5: Qty Needed | C5: Assigned Role | D5: Status | E5: Notes
A6: Dough for stokbrood | B6: ='1. Settings & Leaders'!$B$8&" portions" -> 0 | C6: Catering / Fire Lead | D6: To Buy
A7: Coffee Instant | B7: =ROUNDUP('1. Settings & Leaders'!$B$8/20,0)&" jars" -> 0 | C7: Catering / Fire Lead | D7: To Buy
A8: Coffee Ground | B8: =ROUNDUP('1. Settings & Leaders'!$B$8/40,0)&" Kg" -> 0 | C8: Catering / Fire Lead | D8: To Buy
A9: Long life milk | B9: =ROUNDUP('1. Settings & Leaders'!$B$8*0.28,0)&" L" -> 0 | C9: Catering / Fire Lead | D9: To Buy
A10: Sugar | B10: 1 kg | C10: Catering / Fire Lead | D10: To Buy
A11: Rusks | B11: =ROUNDUP('1. Settings & Leaders'!$B$8/6,0)&" boxes" -> 0 | C11: Catering / Fire Lead | D11: To Buy
A12: Braai Brood (stokbrood) | B12: =ROUNDUP('1. Settings & Leaders'!$B$8/7,0)&" bags" -> 0 | C12: Catering / Fire Lead | D12: To Buy
A13: Marshmallows | B13: =ROUNDUP('1. Settings & Leaders'!$B$8/14,0)&" × 300g pkts" -> 0 | C13: Catering / Fire Lead | D13: To Buy
A14: Mieliemeal | B14: 1 kg | C14: Catering / Fire Lead | D14: To Buy
A15: Rooibos tea | B15: 1 box | C15: Catering / Fire Lead | D15: To Buy
A16: Ceylon tea | B16: 1 box | C16: Catering / Fire Lead | D16: To Buy
A17: Hot chocolate | B17: =ROUNDUP('1. Settings & Leaders'!$B$8/40,0)&" × 500g pkts" -> 0 | C17: Catering / Fire Lead | D17: To Buy
A18: Marie biscuits | B18: =ROUNDUP('1. Settings & Leaders'!$B$8/10,0)&" pkts" -> 0 | C18: Catering / Fire Lead | D18: To Buy
A19: Tomato sauce | B19: 2 bottles | C19: Catering / Fire Lead | D19: To Buy
A20: Syrup | B20: 1 × 500g | C20: Catering / Fire Lead | D20: To Buy
A21: Communion juice (Grape) | B21: =ROUNDUP('1. Settings & Leaders'!$B$8/20,0)&" L" -> 0 | C21: Catering / Fire Lead | D21: To Buy
A22: Butro Butter | B22: 500g | C22: Catering / Fire Lead | D22: To Buy
A23: Communion loaf | B23: 1 loaf | C23: Communion Sub-Leader | D23: To Buy

Sheet 9. Activity Playbook
A1: 📖 Activity Playbook
A2: Detailed facilitator instructions for every activity. Enable text-wrap to read in full.
A4: FACILITATOR GUIDE
A5: Activity | B5: Goal / Objective | C5: Steps & Lead Considerations
A6: Ice Breaker | B6: Break the initial tension and get everyone laughing and connecting. | C6: STEPS: 1. Have daughters introduce their fathers to the group (and vice versa). 2. Play a quick "Name Game" or "Two Truths and a Lie" (Camp Edition). LEAD CONSIDERATIONS: • Keep the energy high and fast-paced. • Don't let introductions drag on too long. • Ensure every single person feels seen and heard.
A7: Clay Latte | B7: Draw fathers and daughters together through teamwork and physical connection. | C7: STEPS: 1. Tie the dad and daughter together at the ankles or wrists with a guy rope. 2. Set up an obstacle course or challenge (e.g. crossing a line while carrying a cup of water, or building a clay structure). LEAD CONSIDERATIONS: • Emphasise that the goal isn't just winning — it's communicating and moving as one unit. • If frustration builds, pause and remind them to listen to each other.
A8: Stokbrood | B8: Quality, guided conversational time in a relaxed setting. | C8: STEPS: 1. Lay out tables, maize meal, dough, stokke (sticks), syrup, and marshmallows near the fire. 2. Ensure the printed question cards are handed out to each pair. 3. As they cook their stokbrood, fathers and daughters use the cards to spark deep conversations. LEAD CONSIDERATIONS: • Keep the fire well-stoked but safe. • Give families enough physical space around the fire for private conversations. • Do not interrupt them once they are deep in conversation.
A9: Skits & Debrief | B9: Lighthearted fun followed by grounding the day's experiences. | C9: STEPS: 1. Allow 10–15 minutes for groups to prepare a short, funny skit about something that happened today. 2. Follow up by presenting the carving (if applicable) and summarising the key takeaways from Saturday. LEAD CONSIDERATIONS: • Set a supportive, cheering tone for the skits. • Transition smoothly from the loud fun into a calmer, reflective tone for the debrief before bed.
A10: Malachi | B10: Spiritual reflection on restoration and the turning of hearts. | C10: STEPS: 1. Show the downloaded YouTube video of the Malachi scripture (Malachi 4:6) using the projector and speaker. 2. Perform the Sand Demo: Use a tray with shaking sand to demonstrate how things naturally drift apart, and discuss how intentional action (turning towards each other) is the solution. LEAD CONSIDERATIONS: • This is a visually and emotionally impactful session. • Ensure the tech (projector/speaker) is tested well beforehand. • Speak slowly and let the metaphor sink in.
A11: Communion | B11: Spiritual reflection, forgiveness, and partaking in the covenant together. | C11: STEPS: 1. Provide the elements (grape juice and broken loaf) to each father/daughter pair. 2. Read Suggested Scriptures: 1 Corinthians 11:23–26 (The Lord's Supper) or Colossians 3:12–14 (Forgiveness and Love). 3. Guide the fathers to pray a blessing over their daughters before taking the elements. LEAD CONSIDERATIONS: • Create a quiet, reverent atmosphere. Allow ample time; do not rush this moment. • Have soft, instrumental worship music playing in the background if possible. • Consider dimming lights or using candlelight.
A12: Quiet Time | B12: Personal reflection on the Malachi session and Communion. | C12: STEPS: 1. Fathers and daughters separate briefly, or sit quietly together without speaking, to reflect or journal. LEAD CONSIDERATIONS: • Clearly define the boundaries (e.g. "We will reconvene in 15 minutes at the main tent"). • Keep the camp entirely quiet during this block.
A13: Manhood Talk | B13: Equipping fathers for the journey ahead, while daughters have a separate empowering session. | C13: STEPS: 1. Split the group: Dads in one area, daughters in another. 2. Lead a discussion with the dads about the weight and privilege of raising a daughter, drawing on the weekend's themes. 3. Youth Track Leaders run the daughters' session simultaneously. LEAD CONSIDERATIONS: • Encourage vulnerability. • Ask open-ended questions like "What is your biggest fear in this season of her life?"
A14: Tug of War | B14: A final burst of fun, competitive teamwork before departing. | C14: STEPS: 1. Set up the tug of war rope in a clear, flat area. 2. Run several heats: Dads vs. Dads, Daughters vs. Daughters, then mixed teams. LEAD CONSIDERATIONS: • Safety first — ensure the ground isn't slippery and nobody wraps the rope around their hands/wrists. • Keep it highly competitive but lighthearted. End on a massive high note!
