Workbook

Sheet 1. Roster & Roles
A1: Roles & Volunteer Roster
A4: Role | B4: Detailed Description & Default Duties | C4: Assigned Leader | D4: Contact Number | E4: Email
A5: Oversight Lead | B5: • Ultimate decision-making authority during the camp. • Handles live issues (emergencies, weather changes). • Leads high-level reflections and debriefs. | C5: Ian Sinclair | D5: +27 63 893 9452 | E5: sinclairian2408@gmail.com
A6: Logistics Lead | B6: • Manages all physical setup and breakdown. • Coordinates camp layout, tents/bivvies, fire preparation. | C6: Neil Harrower | D6: +27 71 950 8363 | E6: neilharrower@gmail.com
A7: Session Coordinator | B7: • Facilitates the core structured spiritual/emotional sessions (e.g., Malachi discussion). | C7: Marvin Welby-Solomon
A8: Communion Leader | B8: • Specifically runs the communion session on Sunday morning. | C8: Richard Walker
A9: Administration | B9: • Handles all paperwork, nametags, and gate-keeping. | C9: Paul Barter
A10: Activity Facilitator | B10: • Brings high energy to run the games and challenges (Clay Latte, Tug of War, Name Games). | C10: Kingsley Williams | D10: +27 83 260 5311
A11: Catering / Food Lead | B11: • Owns the food schedule. Ensures meals are prepped on time. | C11: Kevin de Wet | D11: +27 82 908 2460
A12: General Helper 1 | B12: Assists the Logistics and Catering leads where extra hands are needed. | C12: Raldo Kruger | D12: +27 84 511 8606
A13: General Helper 2 | B13: Assists the Activity Facilitator and Session Coordinator. | C13: Gavin Graham

Sheet 2. Dynamic Timetable
A1: Kickoff Camp Run Sheet
A2: Change the Camp Start Time below. Live tasks will calculate sequentially. Type into "Manual Start Override" to set a custom time.
B4: Camp Start Time: | C4: 0.625
A7: Day | B7: Manual Start Override | C7: Calculated Start | D7: Calculated End | E7: Duration (min) | F7: Activity Name | G7: Full Task Description | H7: Linked Equipment | I7: Default Role | J7: Change Ownership | K7: Final Leader | L7: Phase
A8: Saturday | C8: =IF(B8<>"", B8, $C$4) -> 0 | D8: =C8 + (E8/1440) -> 0 | E8: 30 | F8: Arrival | G8: Arrive at camp, name tags, get to know contacts | H8: {=IFERROR(JOIN(", ", _xlfn._xlws.FILTER('5. Activity Equipment'!A:A, '5. Activity Equipment'!C:C=F8)), "None")} -> 0 | I8: Administration | K8: =IF(J8="", IFERROR(VLOOKUP(I8, '1. Roster & Roles'!A:C, 3, FALSE), "Unassigned"), J8) -> 0 | L8: Arrival
A9: Saturday | C9: =IF(B9<>"", B9, D8) -> 0 | D9: =C9 + (E9/1440) -> 0 | E9: 30 | F9: Ice Breaker | G9: Get to know each other (Daughters introduce Fathers, name game) | H9: {=IFERROR(JOIN(", ", _xlfn._xlws.FILTER('5. Activity Equipment'!A:A, '5. Activity Equipment'!C:C=F9)), "None")} -> 0 | I9: Activity Facilitator | K9: =IF(J9="", IFERROR(VLOOKUP(I9, '1. Roster & Roles'!A:C, 3, FALSE), "Unassigned"), J9) -> 0 | L9: Ice Breaker
A10: Saturday | C10: =IF(B10<>"", B10, D9) -> 0 | D10: =C10 + (E10/1440) -> 0 | E10: 90 | F10: Clay Latte | G10: Father and daughter activities (Clay Latte) & Dam swim | H10: {=IFERROR(JOIN(", ", _xlfn._xlws.FILTER('5. Activity Equipment'!A:A, '5. Activity Equipment'!C:C=F10)), "None")} -> 0 | I10: Activity Facilitator | K10: =IF(J10="", IFERROR(VLOOKUP(I10, '1. Roster & Roles'!A:C, 3, FALSE), "Unassigned"), J10) -> 0 | L10: Activity
A11: Saturday | C11: =IF(B11<>"", B11, D10) -> 0 | D11: =C11 + (E11/1440) -> 0 | E11: 90 | F11: Camp Setup | G11: Set-up shelters, Bivvie equipment, prepare fire | H11: {=IFERROR(JOIN(", ", _xlfn._xlws.FILTER('5. Activity Equipment'!A:A, '5. Activity Equipment'!C:C=F11)), "None")} -> 0 | I11: Logistics Lead | K11: =IF(J11="", IFERROR(VLOOKUP(I11, '1. Roster & Roles'!A:C, 3, FALSE), "Unassigned"), J11) -> 0 | L11: Setup
A12: Saturday | C12: =IF(B12<>"", B12, D11) -> 0 | D12: =C12 + (E12/1440) -> 0 | E12: 60 | F12: Dinner Prep | G12: Prepare and Cook Supper | H12: {=IFERROR(JOIN(", ", _xlfn._xlws.FILTER('5. Activity Equipment'!A:A, '5. Activity Equipment'!C:C=F12)), "None")} -> 0 | I12: Catering / Food Lead | K12: =IF(J12="", IFERROR(VLOOKUP(I12, '1. Roster & Roles'!A:C, 3, FALSE), "Unassigned"), J12) -> 0 | L12: Dinner Prep
A13: Saturday | C13: =IF(B13<>"", B13, D12) -> 0 | D13: =C13 + (E13/1440) -> 0 | E13: 30 | F13: Dinner | G13: Dads and daughters have supper together | H13: {=IFERROR(JOIN(", ", _xlfn._xlws.FILTER('5. Activity Equipment'!A:A, '5. Activity Equipment'!C:C=F13)), "None")} -> 0 | I13: Oversight Lead | K13: =IF(J13="", IFERROR(VLOOKUP(I13, '1. Roster & Roles'!A:C, 3, FALSE), "Unassigned"), J13) -> 0 | L13: Dinner
A14: Saturday | C14: =IF(B14<>"", B14, D13) -> 0 | D14: =C14 + (E14/1440) -> 0 | E14: 60 | F14: Stokbrood | G14: Marshmallows and stokbrood at fire, chat about questions | H14: {=IFERROR(JOIN(", ", _xlfn._xlws.FILTER('5. Activity Equipment'!A:A, '5. Activity Equipment'!C:C=F14)), "None")} -> 0 | I14: Session Coordinator | K14: =IF(J14="", IFERROR(VLOOKUP(I14, '1. Roster & Roles'!A:C, 3, FALSE), "Unassigned"), J14) -> 0 | L14: Evening
A15: Saturday | C15: =IF(B15<>"", B15, D14) -> 0 | D15: =C15 + (E15/1440) -> 0 | E15: 60 | F15: Skits & Debrief | G15: Present skits and carving, end of evening debrief | H15: {=IFERROR(JOIN(", ", _xlfn._xlws.FILTER('5. Activity Equipment'!A:A, '5. Activity Equipment'!C:C=F15)), "None")} -> 0 | I15: Oversight Lead | K15: =IF(J15="", IFERROR(VLOOKUP(I15, '1. Roster & Roles'!A:C, 3, FALSE), "Unassigned"), J15) -> 0 | L15: Wind Down
A16: Saturday | C16: =IF(B16<>"", B16, D15) -> 0 | D16: =C16 + (E16/1440) -> 0 | E16: 0 | F16: Bed Time | G16: Bed time | H16: {=IFERROR(JOIN(", ", _xlfn._xlws.FILTER('5. Activity Equipment'!A:A, '5. Activity Equipment'!C:C=F16)), "None")} -> 0 | I16: Oversight Lead | K16: =IF(J16="", IFERROR(VLOOKUP(I16, '1. Roster & Roles'!A:C, 3, FALSE), "Unassigned"), J16) -> 0 | L16: Lights Out
A17: Sunday | C17: =IF(B17<>"", B17, D16) -> 0 | D17: =C17 + (E17/1440) -> 0 | E17: 45 | F17: Wake Up | G17: Wake up, dam swim, boil kettles, coffee | H17: {=IFERROR(JOIN(", ", _xlfn._xlws.FILTER('5. Activity Equipment'!A:A, '5. Activity Equipment'!C:C=F17)), "None")} -> 0 | I17: Logistics Lead | K17: =IF(J17="", IFERROR(VLOOKUP(I17, '1. Roster & Roles'!A:C, 3, FALSE), "Unassigned"), J17) -> 0 | L17: Morning
A18: Sunday | C18: =IF(B18<>"", B18, D17) -> 0 | D18: =C18 + (E18/1440) -> 0 | E18: 90 | F18: Malachi | G18: Malachi discussion (sand demo) and communion | H18: {=IFERROR(JOIN(", ", _xlfn._xlws.FILTER('5. Activity Equipment'!A:A, '5. Activity Equipment'!C:C=F18)), "None")} -> 0 | I18: Session Coordinator | K18: =IF(J18="", IFERROR(VLOOKUP(I18, '1. Roster & Roles'!A:C, 3, FALSE), "Unassigned"), J18) -> 0 | L18: Session 1
A19: Sunday | C19: =IF(B19<>"", B19, D18) -> 0 | D19: =C19 + (E19/1440) -> 0 | E19: 30 | F19: Communion | G19: Administer Communion elements | H19: {=IFERROR(JOIN(", ", _xlfn._xlws.FILTER('5. Activity Equipment'!A:A, '5. Activity Equipment'!C:C=F19)), "None")} -> 0 | I19: Communion Leader | K19: =IF(J19="", IFERROR(VLOOKUP(I19, '1. Roster & Roles'!A:C, 3, FALSE), "Unassigned"), J19) -> 0 | L19: Communion
A20: Sunday | C20: =IF(B20<>"", B20, D19) -> 0 | D20: =C20 + (E20/1440) -> 0 | E20: 15 | F20: Quiet Time | G20: Father and Daughter Quiet time (reflect on Malachi) | H20: {=IFERROR(JOIN(", ", _xlfn._xlws.FILTER('5. Activity Equipment'!A:A, '5. Activity Equipment'!C:C=F20)), "None")} -> 0 | I20: Oversight Lead | K20: =IF(J20="", IFERROR(VLOOKUP(I20, '1. Roster & Roles'!A:C, 3, FALSE), "Unassigned"), J20) -> 0 | L20: Session 2
... A26: Sunday | C26: =IF(B26<>"", B26, D25) -> 0 | D26: =C26 + (E26/1440) -> 0 | E26: 0 | F26: Departure | G26: Depart from camp | H26: {=IFERROR(JOIN(", ", _xlfn._xlws.FILTER('5. Activity Equipment'!A:A, '5. Activity Equipment'!C:C=F26)), "None")} -> 0 | I26: Administration | K26: =IF(J26="", IFERROR(VLOOKUP(I26, '1. Roster & Roles'!A:C, 3, FALSE), "Unassigned"), J26) -> 0 | L26: Departure

Sheet 3. Task Checklist
A1: Pre-Camp Task Checklist
A2: Action items and pre-planning organization that need to be completed before arrival.
A5: Category | B5: Task Description | C5: Default Role | D5: Change Ownership | E5: Final Assigned | F5: Status
A6: Pre-Planning | B6: Finalize RSVP list and dietary requirements | C6: Administration | E6: =IF(D6="", IFERROR(VLOOKUP(C6, '1. Roster & Roles'!A:C, 3, FALSE), "Unassigned"), D6) -> 0 | F6: Not Started
A7: Pre-Planning | B7: Review medical forms | C7: Oversight Lead | E7: =IF(D7="", IFERROR(VLOOKUP(C7, '1. Roster & Roles'!A:C, 3, FALSE), "Unassigned"), D7) -> 0 | F7: Not Started
A8: Pre-Planning | B8: Purchase all shopping list items (Food/Drinks) | C8: Catering / Food Lead | E8: =IF(D8="", IFERROR(VLOOKUP(C8, '1. Roster & Roles'!A:C, 3, FALSE), "Unassigned"), D8) -> 0 | F8: Not Started
A9: Pre-Planning | B9: Print Name Tags and laminate Father/Daughter questions | C9: Administration | E9: =IF(D9="", IFERROR(VLOOKUP(C9, '1. Roster & Roles'!A:C, 3, FALSE), "Unassigned"), D9) -> 0 | F9: Not Started
A10: Pre-Planning | B10: Confirm venue access codes and final layout | C10: Logistics Lead | E10: =IF(D10="", IFERROR(VLOOKUP(C10, '1. Roster & Roles'!A:C, 3, FALSE), "Unassigned"), D10) -> 0 | F10: Not Started
A11: Pre-Planning | B11: Pack all camp equipment, tents, and activities gear | C11: Logistics Lead | E11: =IF(D11="", IFERROR(VLOOKUP(C11, '1. Roster & Roles'!A:C, 3, FALSE), "Unassigned"), D11) -> 0 | F11: Not Started
A12: Pre-Planning | B12: Pre-pack braai brood and perishables | C12: Catering / Food Lead | E12: =IF(D12="", IFERROR(VLOOKUP(C12, '1. Roster & Roles'!A:C, 3, FALSE), "Unassigned"), D12) -> 0 | F12: Not Started
A13: Pre-Planning | B13: Download YouTube Malachi scripture video | C13: Session Coordinator | E13: =IF(D13="", IFERROR(VLOOKUP(C13, '1. Roster & Roles'!A:C, 3, FALSE), "Unassigned"), D13) -> 0 | F13: Not Started

Sheet 4. Camp Equipment
A1: General Camp Equipment List
A2: Items required for general camp setup. These are not tied to specific activities.
A5: Item | B5: Qty | C5: Default Role | D5: Change Ownership | E5: Final Assigned | F5: Status
A6: Washing bowl | B6: 1 | C6: Logistics Lead | E6: =IF(D6="", IFERROR(VLOOKUP(C6, '1. Roster & Roles'!A:C, 3, FALSE), "Unassigned"), D6) -> 0 | F6: Pending
A7: Dish towel | B7: 2 | C7: Logistics Lead | E7: =IF(D7="", IFERROR(VLOOKUP(C7, '1. Roster & Roles'!A:C, 3, FALSE), "Unassigned"), D7) -> 0 | F7: Pending
A8: Dish cloth | B8: 5 | C8: Logistics Lead | E8: =IF(D8="", IFERROR(VLOOKUP(C8, '1. Roster & Roles'!A:C, 3, FALSE), "Unassigned"), D8) -> 0 | F8: Pending
A9: Dish scourers | B9: 5 | C9: Logistics Lead | E9: =IF(D9="", IFERROR(VLOOKUP(C9, '1. Roster & Roles'!A:C, 3, FALSE), "Unassigned"), D9) -> 0 | F9: Pending
A10: Dish washing liquid | B10: 1 | C10: Logistics Lead | E10: =IF(D10="", IFERROR(VLOOKUP(C10, '1. Roster & Roles'!A:C, 3, FALSE), "Unassigned"), D10) -> 0 | F10: Pending
A11: Chopping board (wooden) | B11: 4 | C11: Catering / Food Lead | E11: =IF(D11="", IFERROR(VLOOKUP(C11, '1. Roster & Roles'!A:C, 3, FALSE), "Unassigned"), D11) -> 0 | F11: Pending
A12: Garbage bags | B12: 5 | C12: Logistics Lead | E12: =IF(D12="", IFERROR(VLOOKUP(C12, '1. Roster & Roles'!A:C, 3, FALSE), "Unassigned"), D12) -> 0 | F12: Pending
A13: Spade | B13: 1 | C13: Logistics Lead | E13: =IF(D13="", IFERROR(VLOOKUP(C13, '1. Roster & Roles'!A:C, 3, FALSE), "Unassigned"), D13) -> 0 | F13: Pending
A14: Water Carrier | B14: 1 | C14: Logistics Lead | E14: =IF(D14="", IFERROR(VLOOKUP(C14, '1. Roster & Roles'!A:C, 3, FALSE), "Unassigned"), D14) -> 0 | F14: Pending
A15: Gas bottles | B15: 2 | C15: Logistics Lead | E15: =IF(D15="", IFERROR(VLOOKUP(C15, '1. Roster & Roles'!A:C, 3, FALSE), "Unassigned"), D15) -> 0 | F15: Pending
A16: Gas kettle (Large) | B16: 1 | C16: Logistics Lead | E16: =IF(D16="", IFERROR(VLOOKUP(C16, '1. Roster & Roles'!A:C, 3, FALSE), "Unassigned"), D16) -> 0 | F16: Pending
A17: Gas plate | B17: 2 | C17: Logistics Lead | E17: =IF(D17="", IFERROR(VLOOKUP(C17, '1. Roster & Roles'!A:C, 3, FALSE), "Unassigned"), D17) -> 0 | F17: Pending
... A30: Mallet | B30: 1 | C30: Logistics Lead | E30: =IF(D30="", IFERROR(VLOOKUP(C30, '1. Roster & Roles'!A:C, 3, FALSE), "Unassigned"), D30) -> 0 | F30: Pending

Sheet 5. Activity Equipment
A1: Activity Specific Equipment List
A2: Equipment strictly tied to specific timetable activities.
A5: Item | B5: Qty | C5: Linked Activity | D5: Default Role | E5: Change Ownership | F5: Final Assigned | G5: Status
A6: Prop for earth shaking | B6: 1 | C6: Malachi | D6: Session Coordinator | F6: =IF(E6="", IFERROR(VLOOKUP(D6, '1. Roster & Roles'!A:C, 3, FALSE), "Unassigned"), E6) -> 0 | G6: Pending
A7: Speaker | B7: 1 | C7: Malachi | D7: Logistics Lead | F7: =IF(E7="", IFERROR(VLOOKUP(D7, '1. Roster & Roles'!A:C, 3, FALSE), "Unassigned"), E7) -> 0 | G7: Pending
A8: Projector | B8: 1 | C8: Malachi | D8: Logistics Lead | F8: =IF(E8="", IFERROR(VLOOKUP(D8, '1. Roster & Roles'!A:C, 3, FALSE), "Unassigned"), E8) -> 0 | G8: Pending
A9: Downloaded YouTube Malachi video | B9: 1 | C9: Malachi | D9: Session Coordinator | F9: =IF(E9="", IFERROR(VLOOKUP(D9, '1. Roster & Roles'!A:C, 3, FALSE), "Unassigned"), E9) -> 0 | G9: Pending
A10: Dad and daughter questions | B10: 16 | C10: Stokbrood | D10: Session Coordinator | F10: =IF(E10="", IFERROR(VLOOKUP(D10, '1. Roster & Roles'!A:C, 3, FALSE), "Unassigned"), E10) -> 0 | G10: Pending
A11: Stokbrood Stok | B11: 43 | C11: Stokbrood | D11: Logistics Lead | F11: =IF(E11="", IFERROR(VLOOKUP(D11, '1. Roster & Roles'!A:C, 3, FALSE), "Unassigned"), E11) -> 0 | G11: Pending
A12: Tug of war rope | B12: 1 | C12: Tug of War | D12: Activity Facilitator | F12: =IF(E12="", IFERROR(VLOOKUP(D12, '1. Roster & Roles'!A:C, 3, FALSE), "Unassigned"), E12) -> 0 | G12: Pending
A13: Communion cups | B13: 50 | C13: Communion | D13: Communion Leader | F13: =IF(E13="", IFERROR(VLOOKUP(D13, '1. Roster & Roles'!A:C, 3, FALSE), "Unassigned"), E13) -> 0 | G13: Pending
A14: Claylatt | B14: 43 | C14: Clay Latte | D14: Activity Facilitator | F14: =IF(E14="", IFERROR(VLOOKUP(D14, '1. Roster & Roles'!A:C, 3, FALSE), "Unassigned"), E14) -> 0 | G14: Pending
A15: Clay - bag | B15: 1 | C15: Clay Latte | D15: Activity Facilitator | F15: =IF(E15="", IFERROR(VLOOKUP(D15, '1. Roster & Roles'!A:C, 3, FALSE), "Unassigned"), E15) -> 0 | G15: Pending
A16: Bivvy's (Shelter) | B16: 21.5 | C16: Camp Setup | D16: Logistics Lead | F16: =IF(E16="", IFERROR(VLOOKUP(D16, '1. Roster & Roles'!A:C, 3, FALSE), "Unassigned"), E16) -> 0 | G16: Pending
A17: Latte short (Shelter) | B17: 43 | C17: Camp Setup | D17: Logistics Lead | F17: =IF(E17="", IFERROR(VLOOKUP(D17, '1. Roster & Roles'!A:C, 3, FALSE), "Unassigned"), E17) -> 0 | G17: Pending
... A20: Pegs (Shelter) | B20: 86 | C20: Camp Setup | D20: Logistics Lead | F20: =IF(E20="", IFERROR(VLOOKUP(D20, '1. Roster & Roles'!A:C, 3, FALSE), "Unassigned"), E20) -> 0 | G20: Pending

Sheet 6. Food Shopping
A1: Food & Catering Shopping List
A5: Item | B5: Qty | C5: Default Role | D5: Change Ownership | E5: Final Assigned | F5: Status
A6: Dough for stokbrood | B6: 43 portions | C6: Catering / Food Lead | E6: =IF(D6="", IFERROR(VLOOKUP(C6, '1. Roster & Roles'!A:C, 3, FALSE), "Unassigned"), D6) -> 0 | F6: Pending
A7: Coffee Instant | B7: 2 jars | C7: Catering / Food Lead | E7: =IF(D7="", IFERROR(VLOOKUP(C7, '1. Roster & Roles'!A:C, 3, FALSE), "Unassigned"), D7) -> 0 | F7: Pending
A8: Coffee Ground | B8: 1 Kg | C8: Catering / Food Lead | E8: =IF(D8="", IFERROR(VLOOKUP(C8, '1. Roster & Roles'!A:C, 3, FALSE), "Unassigned"), D8) -> 0 | F8: Pending
A9: Long life milk | B9: 12L | C9: Catering / Food Lead | E9: =IF(D9="", IFERROR(VLOOKUP(C9, '1. Roster & Roles'!A:C, 3, FALSE), "Unassigned"), D9) -> 0 | F9: Pending
A10: Sugar | B10: 1kg | C10: Catering / Food Lead | E10: =IF(D10="", IFERROR(VLOOKUP(C10, '1. Roster & Roles'!A:C, 3, FALSE), "Unassigned"), D10) -> 0 | F10: Pending
A11: Rusks | B11: 8 boxes | C11: Catering / Food Lead | E11: =IF(D11="", IFERROR(VLOOKUP(C11, '1. Roster & Roles'!A:C, 3, FALSE), "Unassigned"), D11) -> 0 | F11: Pending
A12: Braai Brood (stok brood) | B12: 6 bags | C12: Catering / Food Lead | E12: =IF(D12="", IFERROR(VLOOKUP(C12, '1. Roster & Roles'!A:C, 3, FALSE), "Unassigned"), D12) -> 0 | F12: Pending
A13: Marshmallows | B13: 3 x 300g | C13: Catering / Food Lead | E13: =IF(D13="", IFERROR(VLOOKUP(C13, '1. Roster & Roles'!A:C, 3, FALSE), "Unassigned"), D13) -> 0 | F13: Pending
A14: Mieliemeal | B14: 1kg | C14: Catering / Food Lead | E14: =IF(D14="", IFERROR(VLOOKUP(C14, '1. Roster & Roles'!A:C, 3, FALSE), "Unassigned"), D14) -> 0 | F14: Pending
A15: Rooibos | B15: 1 box | C15: Catering / Food Lead | E15: =IF(D15="", IFERROR(VLOOKUP(C15, '1. Roster & Roles'!A:C, 3, FALSE), "Unassigned"), D15) -> 0 | F15: Pending
A16: Ceylon | B16: 1 box | C16: Catering / Food Lead | E16: =IF(D16="", IFERROR(VLOOKUP(C16, '1. Roster & Roles'!A:C, 3, FALSE), "Unassigned"), D16) -> 0 | F16: Pending
A17: Hot chocolate | B17: 1 x 500g | C17: Catering / Food Lead | E17: =IF(D17="", IFERROR(VLOOKUP(C17, '1. Roster & Roles'!A:C, 3, FALSE), "Unassigned"), D17) -> 0 | F17: Pending
... A23: Communion loaf | B23: 1 loaf | C23: Catering / Food Lead | E23: =IF(D23="", IFERROR(VLOOKUP(C23, '1. Roster & Roles'!A:C, 3, FALSE), "Unassigned"), D23) -> 0 | F23: Pending

Sheet 7. Activity Playbook
A1: Activity Playbook
A2: Detailed instructions and considerations for the lead running each activity.
A5: Linked Activity | B5: Goal / Objective | C5: Instructions & Lead Considerations
A6: Ice Breaker | B6: Break the initial tension and get everyone laughing and connecting. | C6: STEPS: 1. Have daughters introduce their fathers to the group (and vice versa). 2. Play a quick "Name Game" or "Two Truths and a Lie" (Camp Edition). LEAD CONSIDERATION: • Keep the energy high and fast-paced. • Don't let introductions drag on too long. • Ensure every single person feels seen and heard.
A7: Clay Latte | B7: Draw fathers and daughters together through teamwork and physical connection. | C7: STEPS: 1. Tie the dad and daughter together at the ankles or wrists with a guy rope. 2. Set up an obstacle course or a challenge (e.g. crossing a line while carrying a cup of water, or building a clay structure). LEAD CONSIDERATION: • Emphasize that the goal isn't just winning, it's communicating and moving as one unit. • If frustration builds, pause and remind them to listen to each other.
A8: Stokbrood | B8: Quality, guided conversational time in a relaxed setting. | C8: STEPS: 1. Layout tables, maize meal, dough, stokke (sticks), syrup, and marshmallows near the fire. 2. Ensure the printed question cards are handed out to each pair. 3. As they cook their stokbrood, fathers and daughters use the cards to spark deep conversations. LEAD CONSIDERATION: • Keep the fire well-stoked but safe. • Give families enough physical space around the fire to have private conversations. • Do not interrupt them once they are deep in conversation.
A9: Skits & Debrief | B9: Lighthearted fun followed by grounding the day's experiences. | C9: STEPS: 1. Allow 10-15 minutes for groups to prepare a short, funny skit about something that happened today. 2. Follow up by presenting the carving (if applicable) and summarizing the key takeaways from Saturday. LEAD CONSIDERATION: • Set a supportive, cheering tone for the skits. • Transition smoothly from the loud fun of the skits into a calmer, more reflective tone for the debrief before bed.
A10: Malachi | B10: Spiritual reflection on restoration and the turning of hearts. | C10: STEPS: 1. Show the downloaded YouTube video of the Malachi scripture (Malachi 4:6) using the projector and speaker. 2. Perform the Sand Demo: Use a tray with shaking sand to demonstrate how things naturally drift apart or settle, and discuss how intentional action (turning towards each other) is the solution. LEAD CONSIDERATION: • This is a visually and emotionally impactful session. • Ensure the tech (projector/speaker) is tested well beforehand. • Speak slowly and let the metaphor sink in.
A11: Communion | B11: Spiritual reflection, forgiveness, and partaking in the covenant together. | C11: STEPS: 1. Provide the elements (grape juice and broken loaf) to each father/daughter pair. 2. Read Suggested Scriptures: 1 Corinthians 11:23-26 (The Lord's Supper) or Colossians 3:12-14 (Forgiveness and Love). 3. Guide the fathers to pray a blessing over their daughters before taking the elements. LEAD CONSIDERATION: • Create a quiet, reverent atmosphere. Allow ample time; do not rush this moment. • Have soft, instrumental worship music playing in the background if possible.
A12: Quiet Time | B12: Personal reflection on the Malachi session and Communion. | C12: STEPS: 1. Fathers and daughters separate briefly, or sit quietly together without speaking, to reflect or journal. LEAD CONSIDERATION: • Clearly define the boundaries (e.g. "We will reconvene in 15 minutes at the main tent"). • Keep the camp entirely quiet during this block.
A13: Manhood Talk | B13: Equipping fathers for the journey ahead, while daughters have a separate empowering session. | C13: STEPS: 1. Split the group: Dads in one area, daughters in another. 2. Lead a discussion with the dads about the weight and privilege of raising a daughter, drawing on the weekend's themes. LEAD CONSIDERATION: • Encourage vulnerability. • Ask open-ended questions like "What is your biggest fear in this season of her life?"
A14: Tug of War | B14: A final burst of fun, competitive teamwork before departing. | C14: STEPS: 1. Set up the tug of war rope in a clear, flat area. 2. Run several heats: Dads vs. Dads, Daughters vs. Daughters, and then mixed teams. LEAD CONSIDERATION: • Safety first—ensure the ground isn't slippery and nobody wraps the rope around their hands/wrists. • Keep it highly competitive but lighthearted. End on a massive high note!
