Workbook

Sheet 1. Settings & Leaders
A1: ⚙ Camp Settings & Volunteer Directory
A2: Universal template for Dads & Daughters or Dads & Sons camps. Manage variables and available volunteers directory here.
A4: CAMP TYPE CONFIGURATION | D4: AVAILABLE VOLUNTEERS DIRECTORY
A5: Camp Track / Type | B5: Father & Daughter Camp | D5: # | E5: Name | F5: Contact Number | G5: Email Address
D6: 1 | E6: Ian Sinclair | F6: +27 63 893 9452 | G6: ian@journey.org
A7: CAMP ATTENDANCE VARIABLES | D7: 2 | E7: Neil Harrower | F7: +27 71 950 8363 | G7: neil@journey.org
A8: Number of Dads | B8: 16 | D8: 3 | E8: Marvin Welby-Solomon | G8: marvin@journey.org
A9: Number of Children (Daughters/Sons) | B9: 16 | D9: 4 | E9: Kingsley Williams | F9: +27 83 260 5311 | G9: kingsley@journey.org
A10: Helpers / Leaders / Lifeguards | B10: 11 | D10: 5 | E10: Kevin de Wet | F10: +27 82 908 2460 | G10: kevin@journey.org
A11: TOTAL PARTICIPANTS | B11: =SUM(B8:B10) -> 0 | D11: 6 | E11: Paul Barter | G11: paul@journey.org
D12: 7 | E12: Raldo Kruger (Lifeguard Lead) | F12: +27 84 511 8606 | G12: raldo@journey.org
D13: 8 | E13: Gavin Graham (Lifeguard 2) | F13: +27 82 123 4567 | G13: gavin@journey.org
D14: 9 | E14: Richard Walker | G14: richard@journey.org
D15: 10 | E15: Youth Track Leader A | G15: youth1@journey.org
D16: 11 | E16: Youth Track Leader B | G16: youth2@journey.org
D17: 12
D18: 13
D19: 14
D20: 15
D21: 16
D22: 17
D23: 18
D24: 19
D25: 20
D26: 21
D27: 22
D28: 23
... D30: 25

Sheet 2. Roster & Roles
A1: 👥 Roles & Volunteer Roster
A2: Assign volunteers from Settings tab to each role. Contact number & email auto-fill.
A4: ROLE ASSIGNMENTS & WATER SAFETY ROSTER
A5: Role Title | B5: Description & Default Duties | C5: Assigned Volunteer | D5: Auto-Filled Contact | E5: Auto-Filled Email
A6: Oversight Lead | B6: • Ultimate decision-making authority during the camp. • Handles live issues (emergencies, weather changes, medical decisions). • Leads high-level reflections and debriefs. | C6: Ian Sinclair | D6: =IFERROR(VLOOKUP(C6,'1. Settings & Leaders'!$E$6:$G$30,2,FALSE),"") -> 0 | E6: =IFERROR(VLOOKUP(C6,'1. Settings & Leaders'!$E$6:$G$30,3,FALSE),"") -> 0
A7: Logistics Lead | B7: • Manages all physical setup and breakdown. • Coordinates camp layout, tents/bivvies, fire preparation. | C7: Neil Harrower | D7: =IFERROR(VLOOKUP(C7,'1. Settings & Leaders'!$E$6:$G$30,2,FALSE),"") -> 0 | E7: =IFERROR(VLOOKUP(C7,'1. Settings & Leaders'!$E$6:$G$30,3,FALSE),"") -> 0
A8: Session Coordinator | B8: • Facilitates the core structured spiritual/emotional sessions (e.g., Malachi discussion). | C8: Marvin Welby-Solomon | D8: =IFERROR(VLOOKUP(C8,'1. Settings & Leaders'!$E$6:$G$30,2,FALSE),"") -> 0 | E8: =IFERROR(VLOOKUP(C8,'1. Settings & Leaders'!$E$6:$G$30,3,FALSE),"") -> 0
A9: Activity Facilitator | B9: • Brings high energy to run the games and challenges (Clay Latte, Tug of War, Name Games). | C9: Kingsley Williams | D9: =IFERROR(VLOOKUP(C9,'1. Settings & Leaders'!$E$6:$G$30,2,FALSE),"") -> 0 | E9: =IFERROR(VLOOKUP(C9,'1. Settings & Leaders'!$E$6:$G$30,3,FALSE),"") -> 0
A10: Catering / Fire Lead | B10: • For the kick-off camp, meals are brought by each father-child pair. • Key role: ensure communal fires are lit on time, safe, and maintained. | C10: Kevin de Wet | D10: =IFERROR(VLOOKUP(C10,'1. Settings & Leaders'!$E$6:$G$30,2,FALSE),"") -> 0 | E10: =IFERROR(VLOOKUP(C10,'1. Settings & Leaders'!$E$6:$G$30,3,FALSE),"") -> 0
A11: Administration | B11: • Handles all paperwork, nametags, RSVPs, emergency contact list, and gate-keeping. | C11: Paul Barter | D11: =IFERROR(VLOOKUP(C11,'1. Settings & Leaders'!$E$6:$G$30,2,FALSE),"") -> 0 | E11: =IFERROR(VLOOKUP(C11,'1. Settings & Leaders'!$E$6:$G$30,3,FALSE),"") -> 0
A12: Lifeguard 1 (Water Safety Lead) | B12: • DEDICATED WATER SAFETY LEAD: Stationed at the dam/water during ALL water activities (Dam Swim, Clay Latte water obstacle, Tug of War swim). • Enforces water safety rules, maintains ratio, holds throw rope/life buoy. | C12: Raldo Kruger (Lifeguard Lead) | D12: =IFERROR(VLOOKUP(C12,'1. Settings & Leaders'!$E$6:$G$30,2,FALSE),"") -> 0 | E12: =IFERROR(VLOOKUP(C12,'1. Settings & Leaders'!$E$6:$G$30,3,FALSE),"") -> 0
A13: Lifeguard 2 (Water Safety) | B13: • DEDICATED SECOND LIFEGUARD: Assists Water Safety Lead during all water entries. • Scans water zones and assists in emergency response if needed. | C13: Gavin Graham (Lifeguard 2) | D13: =IFERROR(VLOOKUP(C13,'1. Settings & Leaders'!$E$6:$G$30,2,FALSE),"") -> 0 | E13: =IFERROR(VLOOKUP(C13,'1. Settings & Leaders'!$E$6:$G$30,3,FALSE),"") -> 0
A14: Youth Track Leader 1 | B14: • Supports youth-specific activities and engagement during free time. | C14: Youth Track Leader A | D14: =IFERROR(VLOOKUP(C14,'1. Settings & Leaders'!$E$6:$G$30,2,FALSE),"") -> 0 | E14: =IFERROR(VLOOKUP(C14,'1. Settings & Leaders'!$E$6:$G$30,3,FALSE),"") -> 0
A15: Youth Track Leader 2 | B15: • Supports youth-specific activities and engagement during free time. | C15: Youth Track Leader B | D15: =IFERROR(VLOOKUP(C15,'1. Settings & Leaders'!$E$6:$G$30,2,FALSE),"") -> 0 | E15: =IFERROR(VLOOKUP(C15,'1. Settings & Leaders'!$E$6:$G$30,3,FALSE),"") -> 0
A16: General Helper 1 | B16: • Assists Logistics and Catering leads where extra hands are needed. | C16: Raldo Kruger (Lifeguard Lead) | D16: =IFERROR(VLOOKUP(C16,'1. Settings & Leaders'!$E$6:$G$30,2,FALSE),"") -> 0 | E16: =IFERROR(VLOOKUP(C16,'1. Settings & Leaders'!$E$6:$G$30,3,FALSE),"") -> 0
A17: General Helper 2 | B17: • Assists Activity Facilitator and Session Coordinator. | C17: Gavin Graham (Lifeguard 2) | D17: =IFERROR(VLOOKUP(C17,'1. Settings & Leaders'!$E$6:$G$30,2,FALSE),"") -> 0 | E17: =IFERROR(VLOOKUP(C17,'1. Settings & Leaders'!$E$6:$G$30,3,FALSE),"") -> 0
A18: Communion Sub-Leader | B18: • Sub-task role to run and administer communion elements on Sunday morning. | C18: Richard Walker | D18: =IFERROR(VLOOKUP(C18,'1. Settings & Leaders'!$E$6:$G$30,2,FALSE),"") -> 0 | E18: =IFERROR(VLOOKUP(C18,'1. Settings & Leaders'!$E$6:$G$30,3,FALSE),"") -> 0

Sheet 3. Detailed Timetable
A1: 📋 Detailed Run Sheet
A2: Sequential timetable with Plan B Weather Contingency for every activity. Override start times by typing directly.
B4: Camp Start Time ▸ | C4: 0.625
A7: Day | B7: Start | C7: End | D7: Duration | E7: Activity | F7: Description | G7: Assigned Role | H7: Plan B (Weather Contingency) | I7: Phase
A8: Saturday | B8: =$C$4 -> 0 | C8: =B8+(D8/1440) -> 0 | D8: 30 | E8: Arrival | F8: Arrive at camp, name tags, get to know contacts | G8: Administration | H8: Plan A operates in all weather (indoor/covered check-in) | I8: Arrival
A9: Saturday | B9: =C8 -> 0 | C9: =B9+(D9/1440) -> 0 | D9: 30 | E9: Ice Breaker | F9: Get to know each other (Child introduces Father, name game) | G9: Activity Facilitator | H9: Move under covered veranda or main hall if raining | I9: Ice Breaker
A10: Saturday | B10: =C9 -> 0 | C10: =B10+(D10/1440) -> 0 | D10: 90 | E10: Clay Latte | F10: Father-child activities (Clay Latte) & Dam swim (Lifeguards active) | G10: Activity Facilitator / Lifeguard 1 | H10: If rain/lightning: Cancel dam swim. Move clay building under covered veranda. | I10: Activity
A11: Saturday | B11: =C10 -> 0 | C11: =B11+(D11/1440) -> 0 | D11: 90 | E11: Camp Setup | F11: Set-up shelters, bivvy equipment, prepare fire | G11: Logistics Lead | H11: If heavy rain: Erect waterproof tarps overhead / setup inside main hall/barn. | I11: Setup
A12: Saturday | B12: =C11 -> 0 | C12: =B12+(D12/1440) -> 0 | D12: 60 | E12: Dinner Prep | F12: Ensure fire is started on time with enough coals for families to cook. | G12: Catering / Fire Lead | H12: If rain: Use covered braai area or gas stoves under gazebo. | I12: Dinner Prep
A13: Saturday | B13: =C12 -> 0 | C13: =B13+(D13/1440) -> 0 | D13: 30 | E13: Dinner | F13: Dads and children cook and have supper together | G13: Oversight Lead | H13: Eat under covered dining veranda / hall. | I13: Dinner
A14: Saturday | B14: =C13 -> 0 | C14: =B14+(D14/1440) -> 0 | D14: 60 | E14: Stokbrood | F14: Marshmallows and stokbrood at fire, chat about question cards | G14: Session Coordinator | H14: If rain: Move stokbrood cooking to gas stoves under gazebo; sit inside for questions. | I14: Evening
A15: Saturday | B15: =C14 -> 0 | C15: =B15+(D15/1440) -> 0 | D15: 60 | E15: Skits & Debrief | F15: Present skits and carving, end of evening debrief | G15: Oversight Lead | H15: Move inside main hall / large marquee. | I15: Wind Down
A16: Saturday | B16: =C15 -> 0 | C16: =B16+(D16/1440) -> 0 | D16: 0 | E16: Bed Time | F16: Lights out | G16: Oversight Lead | H16: If severe storm: Move sleeping from bivvies into indoor hall/vehicles. | I16: Lights Out
A17: Sunday | B17: =C16 -> 0 | C17: =B17+(D17/1440) -> 0 | D17: 45 | E17: Wake Up | F17: Wake up, dam swim (Lifeguards active), boil kettles, coffee | G17: Logistics Lead / Lifeguard 1 | H17: If rain/cold: Cancel dam swim. Hot coffee & kettles under veranda. | I17: Morning
A18: Sunday | B18: =C17 -> 0 | C18: =B18+(D18/1440) -> 0 | D18: 90 | E18: Malachi | F18: Malachi discussion (sand demo) and scripture video | G18: Session Coordinator | H18: Move inside main hall with projector. | I18: Session 1
A19: Sunday | B19: =C18 -> 0 | C19: =B19+(D19/1440) -> 0 | D19: 30 | E19: Communion | F19: Administer communion elements | G19: Communion Sub-Leader | H19: Perform inside hall or under covered gazebo with soft lighting. | I19: Communion
A20: Sunday | B20: =C19 -> 0 | C20: =B20+(D20/1440) -> 0 | D20: 15 | E20: Quiet Time | F20: Father-child quiet time (reflect on Malachi) | G20: Oversight Lead | H20: Sit on covered porch / inside main hall in quiet corners. | I20: Session 2
... A26: Sunday | B26: =C25 -> 0 | C26: =B26+(D26/1440) -> 0 | D26: 0 | E26: Departure | F26: Depart from camp | G26: Administration | H26: Final departure from venue. | I26: Departure

Sheet 4. Visual Schedule
A1: 🗓 Visual Camp Schedule
A2: Auto-updating overview. Print this page or view on your phone for a quick reference.
B4: ☀ SATURDAY | E4: 🌅 SUNDAY
B6: ='3. Detailed Timetable'!B8 -> 0 | C6: ='3. Detailed Timetable'!E8 -> 0 | E6: ='3. Detailed Timetable'!B17 -> 0 | F6: ='3. Detailed Timetable'!E17 -> 0
C7: ="Led by: "&'3. Detailed Timetable'!G8 -> 0 | F7: ="Led by: "&'3. Detailed Timetable'!G17 -> 0
B9: ='3. Detailed Timetable'!B9 -> 0 | C9: ='3. Detailed Timetable'!E9 -> 0 | E9: ='3. Detailed Timetable'!B18 -> 0 | F9: ='3. Detailed Timetable'!E18 -> 0
C10: ="Led by: "&'3. Detailed Timetable'!G9 -> 0 | F10: ="Led by: "&'3. Detailed Timetable'!G18 -> 0
B12: ='3. Detailed Timetable'!B10 -> 0 | C12: ='3. Detailed Timetable'!E10 -> 0 | E12: ='3. Detailed Timetable'!B19 -> 0 | F12: ='3. Detailed Timetable'!E19 -> 0
C13: ="Led by: "&'3. Detailed Timetable'!G10 -> 0 | F13: ="Led by: "&'3. Detailed Timetable'!G19 -> 0
B15: ='3. Detailed Timetable'!B11 -> 0 | C15: ='3. Detailed Timetable'!E11 -> 0 | E15: ='3. Detailed Timetable'!B20 -> 0 | F15: ='3. Detailed Timetable'!E20 -> 0
C16: ="Led by: "&'3. Detailed Timetable'!G11 -> 0 | F16: ="Led by: "&'3. Detailed Timetable'!G20 -> 0
B18: ='3. Detailed Timetable'!B12 -> 0 | C18: ='3. Detailed Timetable'!E12 -> 0 | E18: ='3. Detailed Timetable'!B21 -> 0 | F18: ='3. Detailed Timetable'!E21 -> 0
C19: ="Led by: "&'3. Detailed Timetable'!G12 -> 0 | F19: ="Led by: "&'3. Detailed Timetable'!G21 -> 0
B21: ='3. Detailed Timetable'!B13 -> 0 | C21: ='3. Detailed Timetable'!E13 -> 0 | E21: ='3. Detailed Timetable'!B22 -> 0 | F21: ='3. Detailed Timetable'!E22 -> 0
C22: ="Led by: "&'3. Detailed Timetable'!G13 -> 0 | F22: ="Led by: "&'3. Detailed Timetable'!G22 -> 0
B24: ='3. Detailed Timetable'!B14 -> 0 | C24: ='3. Detailed Timetable'!E14 -> 0 | E24: ='3. Detailed Timetable'!B23 -> 0 | F24: ='3. Detailed Timetable'!E23 -> 0
C25: ="Led by: "&'3. Detailed Timetable'!G14 -> 0 | F25: ="Led by: "&'3. Detailed Timetable'!G23 -> 0
B27: ='3. Detailed Timetable'!B15 -> 0 | C27: ='3. Detailed Timetable'!E15 -> 0 | E27: ='3. Detailed Timetable'!B24 -> 0 | F27: ='3. Detailed Timetable'!E24 -> 0
C28: ="Led by: "&'3. Detailed Timetable'!G15 -> 0 | F28: ="Led by: "&'3. Detailed Timetable'!G24 -> 0
B30: ='3. Detailed Timetable'!B16 -> 0 | C30: ='3. Detailed Timetable'!E16 -> 0 | E30: ='3. Detailed Timetable'!B25 -> 0 | F30: ='3. Detailed Timetable'!E25 -> 0
C31: ="Led by: "&'3. Detailed Timetable'!G16 -> 0 | F31: ="Led by: "&'3. Detailed Timetable'!G25 -> 0
E33: ='3. Detailed Timetable'!B26 -> 0 | F33: ='3. Detailed Timetable'!E26 -> 0
F34: ="Led by: "&'3. Detailed Timetable'!G26 -> 0

Sheet 5. Pre-Camp Tasks
A1: ✅ Pre-Camp Task Checklist
A2: Action items that must be completed before arrival at the camp venue.
A4: PRE-PLANNING TASKS
A5: Category | B5: Task Description | C5: Assigned Role | D5: Status | E5: Notes
A6: Pre-Planning | B6: Finalize RSVP list and dietary requirements | C6: Administration | D6: Not Started
A7: Pre-Planning | B7: Review medical forms, emergency contacts & allergy flags | C7: Oversight Lead | D7: Not Started
A8: Pre-Planning | B8: Confirm 2 Lifeguards / Water Safety Leads assigned & certified | C8: Oversight Lead | D8: Not Started
A9: Pre-Planning | B9: Inspect water safety equipment (throw ropes, life buoys, first aid kit) | C9: Lifeguard 1 (Water Safety Lead) | D9: Not Started
A10: Pre-Planning | B10: Confirm venue emergency contacts & directions to nearest hospital | C10: Administration | D10: Not Started
A11: Pre-Planning | B11: Purchase all communal shopping list items (see Food tab) | C11: Catering / Fire Lead | D11: Not Started
A12: Pre-Planning | B12: Print name tags and laminate question cards | C12: Administration | D12: Not Started
A13: Pre-Planning | B13: Confirm venue access codes and agree on final camp & weather Plan B layout | C13: Logistics Lead | D13: Not Started
A14: Pre-Planning | B14: Pack all camp equipment, tents, bivvies, and activity gear | C14: Logistics Lead | D14: Not Started
A15: Pre-Planning | B15: Download YouTube Malachi scripture video to a device | C15: Session Coordinator | D15: Not Started
A16: Pre-Planning | B16: Test projector and speaker with downloaded video | C16: Session Coordinator | D16: Not Started
A17: Pre-Planning | B17: Communicate final packing list & weather Plan B to all fathers | C17: Administration | D17: Not Started
A18: Pre-Planning | B18: Prepare communion elements (bread loaf, grape juice) | C18: Communion Sub-Leader | D18: Not Started

Sheet 6. Emergency & Safety
A1: 🚨 Emergency & Safety Protocols
A2: Emergency contacts, hospital directions, water safety rules, and medical escalation procedures.
A4: 1. EMERGENCY SERVICES & VENUE INFO
A5: Service / Contact | B5: Phone Number | C5: Address / Details | D5: Notes / Instructions
A6: Nearest Hospital (ER) | B6: +27 21 850 4000 | C6: Helderberg Hospital / Medi-Clinic, Somerset West | D6: 24hr Emergency Room. Drive time: ~20 min. Emergency vehicle assigned: Logistics Lead car.
A7: Ambulance (ER24 / Netcare) | B7: 10177 / 084 124 | C7: National Dispatch | D7: State exact venue GPS coordinates and nature of injury.
A8: Venue Landowner / Manager | B8: +27 82 555 1234 | C8: Camp Site Main Gate / Office | D8: For gate access override, power failure, or farm emergencies.
A9: Journey Oversight Lead | B9: +27 63 893 9452 | C9: Ian Sinclair (On-site) | D9: Primary decision maker for medical evacuation or incident reporting.
A10: Water Safety Lead (Lifeguard 1) | B10: +27 84 511 8606 | C10: Raldo Kruger (On-site) | D10: Certified Lifeguard & First Aid Lead for all dam activities.
A11: Water Safety (Lifeguard 2) | B11: +27 82 123 4567 | C11: Gavin Graham (On-site) | D11: Secondary Lifeguard & Spotter for dam entry.
A13: 2. WATER SAFETY & DAM PROTOCOL
A14: Rule / Protocol | B14: Requirement | C14: Responsible Role | D14: Enforcement & Action Plan
A15: Dedicated Lifeguard Watching | B15: ALWAYS active during dam entry | C15: Lifeguard 1 & Lifeguard 2 | D15: NO ONE enters the dam unless Lifeguard 1 & Lifeguard 2 are on the bank watching. Zero exceptions.
A16: Adult Supervision Ratio | B16: 1 adult per 2 children in water | C16: All Fathers & Lifeguards | D16: Fathers must be in the water or at the water edge actively watching their child.
A17: Safety Equipment Required | B17: Life buoy + Throw rope + First aid kit | C17: Lifeguard 1 | D17: Kept on the dam bank at all times during swimming / Clay Latte / Tug of War.
A18: Weather / Lightning Rule | B18: Immediate water exit on thunder/rain | C18: Oversight Lead & Lifeguard 1 | D18: If lightning or thunder occurs within 10km, water cleared immediately for 30 minutes minimum.
A19: Buddy System | B19: Pair up every child | C19: Activity Facilitator | D19: Children must stay with their father/buddy at all times in the water zone.
A21: 3. MEDICAL INCIDENT DECISION TREE
A22: Severity Level | B22: Examples | C22: Immediate Action | D22: Escalation & Communication
A23: Level 1: Minor | B23: Scrape, minor cut, bee sting, small burn | C23: Treat using First Aid Kit on-site. | D23: Log in incident notes. Inform father.
A24: Level 2: Moderate | B24: Deep cut, sprain, persistent vomiting, mild allergic reaction | C24: Administer first aid, assess if hospital visit needed. | D24: Inform Oversight Lead & Parent immediately. Drive to Helderberg ER if required.
A25: Level 3: Severe | B25: Near-drowning, fracture, head injury, severe anaphylaxis | C25: Call Ambulance (10177 / 084 124) immediately. Begin CPR / First Aid. | D25: Oversight Lead takes full command. Notify emergency contact. File formal incident report.

Sheet 7. Camp Equipment
A1: 🏕 General Camp & Safety Equipment
A2: Core items for camp setup and safety kit. Static quantities.
A4: GENERAL EQUIPMENT & SAFETY CHECKLIST
A5: Item | B5: Qty | C5: Assigned Role | D5: Status | E5: Notes
A6: First aid kit (Comprehensive) | B6: 1 | C6: Oversight Lead / Lifeguard 1 | D6: To Buy
A7: Life Buoy / Rescue Ring | B7: 1 | C7: Lifeguard 1 (Water Safety Lead) | D7: To Buy
A8: Water Rescue Throw Rope (20m) | B8: 1 | C8: Lifeguard 1 (Water Safety Lead) | D8: To Buy
A9: Lifeguard Whistles (High-decibel) | B9: 2 | C9: Lifeguard 1 & Lifeguard 2 | D9: To Buy
A10: High-Vis Lifeguard Vests | B10: 2 | C10: Lifeguard 1 & Lifeguard 2 | D10: To Buy
A11: Washing bowl | B11: 1 | C11: Logistics Lead | D11: To Buy
A12: Dish towel | B12: 2 | C12: Logistics Lead | D12: To Buy
A13: Dish cloth | B13: 5 | C13: Logistics Lead | D13: To Buy
A14: Dish scourers | B14: 5 | C14: Logistics Lead | D14: To Buy
A15: Dish washing liquid | B15: 1 | C15: Logistics Lead | D15: To Buy
A16: Chopping board (wooden) | B16: 4 | C16: Catering / Fire Lead | D16: To Buy
A17: Garbage bags | B17: 5 | C17: Logistics Lead | D17: To Buy
... A34: Mallet | B34: 1 | C34: Logistics Lead | D34: To Buy

Sheet 8. Activity Equipment
A1: 🎯 Activity-Specific Equipment
A2: Quantities scale dynamically from Total Participants set in Tab 1.
A4: ACTIVITY EQUIPMENT (DYNAMIC QUANTITIES)
A5: Item | B5: Scaling Rule | C5: Calc. Qty | D5: Linked Activity | E5: Assigned Role | F5: Status | G5: Notes
A6: Prop for earth shaking | B6: Static | C6: 1 | D6: Malachi | E6: Session Coordinator | F6: To Buy
A7: Speaker | B7: Static | C7: 1 | D7: Malachi | E7: Logistics Lead | F7: To Buy
A8: Projector | B8: Static | C8: 1 | D8: Malachi | E8: Logistics Lead | F8: To Buy
A9: Downloaded Malachi video | B9: Static | C9: 1 | D9: Malachi | E9: Session Coordinator | F9: To Buy
A10: Child & dad question cards | B10: 1 per pair | C10: ='1. Settings & Leaders'!$B$8 -> 0 | D10: Stokbrood | E10: Session Coordinator | F10: To Buy
A11: Stokbrood sticks | B11: 1 per person | C11: ='1. Settings & Leaders'!$B$11 -> 0 | D11: Stokbrood | E11: Logistics Lead | F11: To Buy
A12: Tug of war rope | B12: Static | C12: 1 | D12: Tug of War | E12: Activity Facilitator | F12: To Buy
A13: Communion cups | B13: 1 per person | C13: ='1. Settings & Leaders'!$B$11 -> 0 | D13: Communion | E13: Communion Sub-Leader | F13: To Buy
A14: Claylatt | B14: 1 per person | C14: ='1. Settings & Leaders'!$B$11 -> 0 | D14: Clay Latte | E14: Activity Facilitator | F14: To Buy
A15: Clay — bag | B15: Static | C15: 1 | D15: Clay Latte | E15: Activity Facilitator | F15: To Buy
A16: Bivvy's (Shelter) | B16: Total ÷ 2 | C16: =CEILING('1. Settings & Leaders'!$B$11/2,0.5) -> 0 | D16: Camp Setup | E16: Logistics Lead | F16: To Buy
A17: Latte short (Shelter) | B17: 1 per person | C17: ='1. Settings & Leaders'!$B$11 -> 0 | D17: Camp Setup | E17: Logistics Lead | F17: To Buy
A18: Latte long (Shelter) | B18: 1 per person | C18: ='1. Settings & Leaders'!$B$11 -> 0 | D18: Camp Setup | E18: Logistics Lead | F18: To Buy
A19: Guy ropes (Shelter) | B19: 2 per person | C19: ='1. Settings & Leaders'!$B$11*2 -> 0 | D19: Camp Setup | E19: Logistics Lead | F19: To Buy
A20: Pegs (Shelter) | B20: 2 per person | C20: ='1. Settings & Leaders'!$B$11*2 -> 0 | D20: Camp Setup | E20: Logistics Lead | F20: To Buy

Sheet 9. Food Shopping
A1: 🛒 Food & Catering Shopping List
A2: Communal items only. Quantities auto-scale from Tab 1. Each family brings their own dinner & breakfast.
A4: COMMUNAL FOOD ITEMS
A5: Item | B5: Qty Needed | C5: Assigned Role | D5: Status | E5: Notes
A6: Dough for stokbrood | B6: ='1. Settings & Leaders'!$B$11&" portions" -> 0 | C6: Catering / Fire Lead | D6: To Buy
A7: Coffee Instant | B7: =ROUNDUP('1. Settings & Leaders'!$B$11/20,0)&" jars" -> 0 | C7: Catering / Fire Lead | D7: To Buy
A8: Coffee Ground | B8: =ROUNDUP('1. Settings & Leaders'!$B$11/40,0)&" Kg" -> 0 | C8: Catering / Fire Lead | D8: To Buy
A9: Long life milk | B9: =ROUNDUP('1. Settings & Leaders'!$B$11*0.28,0)&" L" -> 0 | C9: Catering / Fire Lead | D9: To Buy
A10: Sugar | B10: 1 kg | C10: Catering / Fire Lead | D10: To Buy
A11: Rusks | B11: =ROUNDUP('1. Settings & Leaders'!$B$11/6,0)&" boxes" -> 0 | C11: Catering / Fire Lead | D11: To Buy
A12: Braai Brood (stokbrood) | B12: =ROUNDUP('1. Settings & Leaders'!$B$11/7,0)&" bags" -> 0 | C12: Catering / Fire Lead | D12: To Buy
A13: Marshmallows | B13: =ROUNDUP('1. Settings & Leaders'!$B$11/14,0)&" × 300g pkts" -> 0 | C13: Catering / Fire Lead | D13: To Buy
A14: Mieliemeal | B14: 1 kg | C14: Catering / Fire Lead | D14: To Buy
A15: Rooibos tea | B15: 1 box | C15: Catering / Fire Lead | D15: To Buy
A16: Ceylon tea | B16: 1 box | C16: Catering / Fire Lead | D16: To Buy
A17: Hot chocolate | B17: =ROUNDUP('1. Settings & Leaders'!$B$11/40,0)&" × 500g pkts" -> 0 | C17: Catering / Fire Lead | D17: To Buy
A18: Marie biscuits | B18: =ROUNDUP('1. Settings & Leaders'!$B$11/10,0)&" pkts" -> 0 | C18: Catering / Fire Lead | D18: To Buy
A19: Tomato sauce | B19: 2 bottles | C19: Catering / Fire Lead | D19: To Buy
A20: Syrup | B20: 1 × 500g | C20: Catering / Fire Lead | D20: To Buy
A21: Communion juice (Grape) | B21: =ROUNDUP('1. Settings & Leaders'!$B$11/20,0)&" L" -> 0 | C21: Catering / Fire Lead | D21: To Buy
A22: Butro Butter | B22: 500g | C22: Catering / Fire Lead | D22: To Buy
A23: Communion loaf | B23: 1 loaf | C23: Communion Sub-Leader | D23: To Buy

Sheet 10. Activity Playbook
A1: 📖 Activity Playbook & Weather Plan B
A2: Detailed facilitator instructions, lead considerations, and Plan B weather contingencies for every activity.
A4: FACILITATOR GUIDE & WEATHER CONTINGENCIES
A5: Activity | B5: Goal / Objective | C5: Plan A Instructions & Lead Considerations | D5: Plan B Weather Contingency (If Rain / Storm)
A6: Ice Breaker | B6: Break the initial tension and get everyone laughing and connecting. | C6: STEPS: 1. Have children introduce their fathers to the group (and vice versa). 2. Play a quick "Name Game" or "Two Truths and a Lie" (Camp Edition). LEAD CONSIDERATIONS: • Keep the energy high and fast-paced. • Ensure every single person feels seen and heard. | D6: RAIN PLAN B: Move activity under the main covered veranda or inside the dining hall. Use indoor circle games if space is limited.
A7: Clay Latte | B7: Draw fathers and children together through teamwork and physical connection. | C7: STEPS: 1. Tie the dad and child together at ankles/wrists with guy rope. 2. Set up obstacle course & dam swim (Lifeguards active on bank). 3. Build clay structures together. LEAD CONSIDERATIONS: • Emphasise communication and moving as one unit. • Lifeguards MUST be stationed at dam edge before anyone enters water. | D7: RAIN PLAN B: Cancel dam swim if lightning/heavy rain. Move clay building under covered veranda. Run an indoor tower-building challenge.
A8: Stokbrood | B8: Quality, guided conversational time in a relaxed setting. | C8: STEPS: 1. Lay out maize meal, dough, stokke, syrup, marshmallows near fire. 2. Hand out printed question cards to each pair. 3. Dads and children cook stokbrood and discuss question cards. LEAD CONSIDERATIONS: • Keep fire well-stoked but safe. • Give families private space around fire. | D8: RAIN PLAN B: Move stokbrood cooking to gas stoves under covered gazebo / braai area. Move conversation cards indoors to main hall with hot chocolate.
A9: Skits & Debrief | B9: Lighthearted fun followed by grounding the day's experiences. | C9: STEPS: 1. Allow 10-15 mins for groups to prepare a short funny skit. 2. Present carving and summarize key takeaways from Saturday. LEAD CONSIDERATIONS: • Set a supportive, cheering tone. • Transition smoothly into reflective debrief. | D9: RAIN PLAN B: Fully operable indoors inside main hall or large marquee.
A10: Malachi | B10: Spiritual reflection on restoration and the turning of hearts. | C10: STEPS: 1. Show downloaded YouTube Malachi scripture video on projector/speaker. 2. Sand Demo: Tray with shaking sand showing how things settle. LEAD CONSIDERATIONS: • Visually and emotionally impactful. • Test tech beforehand. | D10: RAIN PLAN B: Fully operable indoors. Set up projector inside main hall/barn.
A11: Communion | B11: Spiritual reflection, forgiveness, and partaking in covenant together. | C11: STEPS: 1. Provide grape juice and bread loaf to each pair. 2. Read 1 Cor 11:23-26 or Col 3:12-14. 3. Fathers pray a blessing over their children before taking elements. LEAD CONSIDERATIONS: • Create quiet, reverent atmosphere. • Soft instrumental music in background. | D11: RAIN PLAN B: Administer inside main hall or under covered gazebo with soft lanterns/lighting.
A12: Quiet Time | B12: Personal reflection on Malachi session and Communion. | C12: STEPS: 1. Fathers and children sit quietly together or reflect/journal. LEAD CONSIDERATIONS: • Clearly define time boundary (15 mins). • Keep camp quiet. | D12: RAIN PLAN B: Fathers and children sit in quiet corners of covered veranda or hall.
A13: Manhood Talk | B13: Equipping fathers for journey ahead, while children have separate empowering session. | C13: STEPS: 1. Split group: Dads in one area, children in another. 2. Lead discussion with dads; Youth Track Leaders run children's session. LEAD CONSIDERATIONS: • Encourage vulnerability among dads. | D13: RAIN PLAN B: Split into two separate indoor rooms / covered verandas.
A14: Tug of War | B14: A final burst of fun, competitive teamwork before departing. | C14: STEPS: 1. Set up tug of war rope in clear flat area. 2. Run heats: Dads vs Dads, Children vs Children, Mixed teams. 3. Optional post-game dam swim (Lifeguards active). LEAD CONSIDERATIONS: • Safety first — check ground for slippery spots. • Lifeguards on bank if dam swim follows. | D14: RAIN PLAN B: If light rain: Mud tug-of-war (huge fun!). If heavy rain/lightning: Cancel dam swim; move indoors for arm wrestling / team strength challenge inside hall.

Sheet 11. Post-Camp Debrief
A1: 📝 Post-Camp Debrief & Review
A2: Structure to review camp execution, leader feedback, and capture action items for the next event.
A4: 1. OVERALL CAMP EVALUATION SUMMARY
A5: Evaluation Metric | B5: Score / Rating | C5: Key Successes & Highlights | D5: Key Challenges & Opportunities
A6: Overall Camp Experience | B6: 5 / 5 | C6: High engagement, strong spiritual connections made during Malachi session. | D6: Timetable ran slightly behind by Saturday evening.
A7: Safety & Water Supervision | B7: 5 / 5 | C7: Zero incidents. Lifeguard 1 & 2 maintained clear water boundary during dam swim. | D7: Need extra throw rope at secondary swim spot.
A8: Logistics & Camp Setup | B8: 4 / 5 | C8: Bivvies erected quickly; fire wood supply was plentiful. | D8: Gas bottle fitting was tight; bring spare washer.
A9: Food & Catering | B9: 5 / 5 | C9: Families enjoyed bringing their own meals; stokbrood was a highlight. | D9: Suggest extra milk quantity for cold morning.
A10: Spiritual & Emotional Impact | B10: 5 / 5 | C10: Communion and letter reading times were deeply moving for fathers and children. | D10: Ensure 15 min buffer before quiet time.
A12: 2. ACTION ITEMS FOR NEXT CAMP
A13: Action Item | B13: Priority | C13: Owner / Lead | D13: Target Completion Date
A14: Add laminating step for emergency hospital map in pre-camp checklist | B14: High | C14: Administration | D14: 2 weeks before next camp
A15: Purchase additional 20m water throw rope for Lifeguard 2 kit | B15: High | C15: Lifeguard 1 (Water Safety Lead) | D15: 1 month before next camp
A16: Update stokbrood question cards with 3 new son/daughter specific prompts | B16: Medium | C16: Session Coordinator | D16: 3 weeks before next camp
A17: Create digital RSVP form to auto-feed participant names directly into Tab 1 | B17: Medium | C17: Administration | D17: Next camp launch date
