Workbook

Sheet 1. Roster & Roles
A1: Roles & Volunteer Roster
A4: Role | B4: Detailed Description & Default Duties | C4: Assigned Leader | D4: Contact Number | E4: Email
A5: Oversight Lead | B5: • Ultimate decision-making authority during the camp. • Handles live issues (emergencies, weather changes). • Leads high-level reflections and debriefs. | C5: Ian Sinclair | D5: +27 63 893 9452 | E5: sinclairian2408@gmail.com
A6: Logistics Lead | B6: • Manages all physical setup and breakdown. • Coordinates camp layout, tents/bivvies, fire preparation. | C6: Neil Harrower | D6: +27 71 950 8363 | E6: neilharrower@gmail.com
A7: Session Coordinator | B7: • Facilitates the core structured spiritual/emotional sessions (e.g., Malachi discussion, Communion). | C7: Marvin Welby-Solomon
A8: Administration | B8: • Handles all paperwork, nametags, and gate-keeping. | C8: Paul Barter
A9: Activity Facilitator | B9: • Brings high energy to run the games and challenges (Clay Latte, Tug of War, Name Games). | C9: Kingsley Williams | D9: +27 83 260 5311
A10: Catering / Food Lead | B10: • Owns the food schedule. Ensures meals are prepped on time. | C10: Kevin de Wet | D10: +27 82 908 2460
A11: General Helper 1 | B11: Assists the Logistics and Catering leads where extra hands are needed. | C11: Raldo Kruger | D11: +27 84 511 8606
A12: General Helper 2 | B12: Assists the Activity Facilitator and Session Coordinator. | C12: Gavin Graham

Sheet 2. Dynamic Timetable
A1: Kickoff Camp Run Sheet
A2: Change the Camp Start Time below. Pre-camp tasks calculate backwards. Type into "Manual Start Override" to break the chain and set a custom time.
C4: Camp Start Time: | E4: 46053.625
A7: Day | B7: Phase | C7: Offset (Days Before) | D7: Manual Start Override | E7: Duration (min) | F7: Calculated Start | G7: Calculated End | H7: Activity Name | I7: Full Task Description | J7: Linked Equipment | K7: Default Role | L7: Custom Override | M7: Final Leader
A8: Pre-Camp | B8: Planning | C8: -14 | E8: 60 | F8: =IF(D8<>"", D8, IF(ISNUMBER(C8), $E$4 + C8, $E$4)) -> 0 | G8: =F8 + (E8/1440) -> 0 | H8: RSVP Review | I8: Finalize RSVP list and dietary requirements | J8: {=IFERROR(JOIN(", ", _xlfn._xlws.FILTER('4. Equipment & Shopping'!B:B, '4. Equipment & Shopping'!D:D=H8)), "None")} -> 0 | K8: Administration | M8: =IF(L8="", IFERROR(VLOOKUP(K8, '1. Roster & Roles'!A:C, 3, FALSE), "Unassigned"), L8) -> 0
A9: Pre-Camp | B9: Planning | C9: -7 | E9: 60 | F9: =IF(D9<>"", D9, IF(ISNUMBER(C9), $E$4 + C9, G8)) -> 0 | G9: =F9 + (E9/1440) -> 0 | H9: Medical Forms | I9: Review medical forms | J9: {=IFERROR(JOIN(", ", _xlfn._xlws.FILTER('4. Equipment & Shopping'!B:B, '4. Equipment & Shopping'!D:D=H9)), "None")} -> 0 | K9: Oversight Lead | M9: =IF(L9="", IFERROR(VLOOKUP(K9, '1. Roster & Roles'!A:C, 3, FALSE), "Unassigned"), L9) -> 0
A10: Pre-Camp | B10: Prep | C10: -5 | E10: 120 | F10: =IF(D10<>"", D10, IF(ISNUMBER(C10), $E$4 + C10, G9)) -> 0 | G10: =F10 + (E10/1440) -> 0 | H10: Shopping | I10: Purchase all shopping list items (Food/Drinks) | J10: {=IFERROR(JOIN(", ", _xlfn._xlws.FILTER('4. Equipment & Shopping'!B:B, '4. Equipment & Shopping'!D:D=H10)), "None")} -> 0 | K10: Catering / Food Lead | M10: =IF(L10="", IFERROR(VLOOKUP(K10, '1. Roster & Roles'!A:C, 3, FALSE), "Unassigned"), L10) -> 0
A11: Pre-Camp | B11: Prep | C11: -3 | E11: 60 | F11: =IF(D11<>"", D11, IF(ISNUMBER(C11), $E$4 + C11, G10)) -> 0 | G11: =F11 + (E11/1440) -> 0 | H11: Print Admin | I11: Print Name Tags and laminate Father/Daughter questions | J11: {=IFERROR(JOIN(", ", _xlfn._xlws.FILTER('4. Equipment & Shopping'!B:B, '4. Equipment & Shopping'!D:D=H11)), "None")} -> 0 | K11: Administration | M11: =IF(L11="", IFERROR(VLOOKUP(K11, '1. Roster & Roles'!A:C, 3, FALSE), "Unassigned"), L11) -> 0
A12: Pre-Camp | B12: Logistics | C12: -2 | E12: 60 | F12: =IF(D12<>"", D12, IF(ISNUMBER(C12), $E$4 + C12, G11)) -> 0 | G12: =F12 + (E12/1440) -> 0 | H12: Venue Confirm | I12: Confirm venue access codes and final layout | J12: {=IFERROR(JOIN(", ", _xlfn._xlws.FILTER('4. Equipment & Shopping'!B:B, '4. Equipment & Shopping'!D:D=H12)), "None")} -> 0 | K12: Logistics Lead | M12: =IF(L12="", IFERROR(VLOOKUP(K12, '1. Roster & Roles'!A:C, 3, FALSE), "Unassigned"), L12) -> 0
A13: Pre-Camp | B13: Packing | C13: -1 | E13: 180 | F13: =IF(D13<>"", D13, IF(ISNUMBER(C13), $E$4 + C13, G12)) -> 0 | G13: =F13 + (E13/1440) -> 0 | H13: Pack Camp | I13: Pack all camp equipment, tents, and activities gear | J13: {=IFERROR(JOIN(", ", _xlfn._xlws.FILTER('4. Equipment & Shopping'!B:B, '4. Equipment & Shopping'!D:D=H13)), "None")} -> 0 | K13: Logistics Lead | M13: =IF(L13="", IFERROR(VLOOKUP(K13, '1. Roster & Roles'!A:C, 3, FALSE), "Unassigned"), L13) -> 0
A14: Pre-Camp | B14: Food Prep | C14: -1 | E14: 60 | F14: =IF(D14<>"", D14, IF(ISNUMBER(C14), $E$4 + C14, G13)) -> 0 | G14: =F14 + (E14/1440) -> 0 | H14: Pre-Pack Food | I14: Pre-pack braai brood and perishables | J14: {=IFERROR(JOIN(", ", _xlfn._xlws.FILTER('4. Equipment & Shopping'!B:B, '4. Equipment & Shopping'!D:D=H14)), "None")} -> 0 | K14: Catering / Food Lead | M14: =IF(L14="", IFERROR(VLOOKUP(K14, '1. Roster & Roles'!A:C, 3, FALSE), "Unassigned"), L14) -> 0
A15: Saturday | B15: Travel | C15: -0.125 | E15: 90 | F15: =IF(D15<>"", D15, IF(ISNUMBER(C15), $E$4 + C15, G14)) -> 0 | G15: =F15 + (E15/1440) -> 0 | H15: Travel | I15: Drive to camp venue (3 hours before start) | J15: {=IFERROR(JOIN(", ", _xlfn._xlws.FILTER('4. Equipment & Shopping'!B:B, '4. Equipment & Shopping'!D:D=H15)), "None")} -> 0 | K15: Oversight Lead | M15: =IF(L15="", IFERROR(VLOOKUP(K15, '1. Roster & Roles'!A:C, 3, FALSE), "Unassigned"), L15) -> 0
A16: Saturday | B16: Arrival | C16: 0 | E16: 30 | F16: =IF(D16<>"", D16, IF(ISNUMBER(C16), $E$4 + C16, G15)) -> 0 | G16: =F16 + (E16/1440) -> 0 | H16: Arrival | I16: Arrive at camp, name tags, get to know contacts | J16: {=IFERROR(JOIN(", ", _xlfn._xlws.FILTER('4. Equipment & Shopping'!B:B, '4. Equipment & Shopping'!D:D=H16)), "None")} -> 0 | K16: Administration | M16: =IF(L16="", IFERROR(VLOOKUP(K16, '1. Roster & Roles'!A:C, 3, FALSE), "Unassigned"), L16) -> 0
A17: Saturday | B17: Ice Breaker | E17: 30 | F17: =IF(D17<>"", D17, IF(ISNUMBER(C17), $E$4 + C17, G16)) -> 0 | G17: =F17 + (E17/1440) -> 0 | H17: Ice Breaker | I17: Get to know each other (Daughters introduce Fathers, name game) | J17: {=IFERROR(JOIN(", ", _xlfn._xlws.FILTER('4. Equipment & Shopping'!B:B, '4. Equipment & Shopping'!D:D=H17)), "None")} -> 0 | K17: Activity Facilitator | M17: =IF(L17="", IFERROR(VLOOKUP(K17, '1. Roster & Roles'!A:C, 3, FALSE), "Unassigned"), L17) -> 0
A18: Saturday | B18: Activity | E18: 90 | F18: =IF(D18<>"", D18, IF(ISNUMBER(C18), $E$4 + C18, G17)) -> 0 | G18: =F18 + (E18/1440) -> 0 | H18: Clay Latte | I18: Father and daughter activities (Clay Latte) & Dam swim | J18: {=IFERROR(JOIN(", ", _xlfn._xlws.FILTER('4. Equipment & Shopping'!B:B, '4. Equipment & Shopping'!D:D=H18)), "None")} -> 0 | K18: Activity Facilitator | M18: =IF(L18="", IFERROR(VLOOKUP(K18, '1. Roster & Roles'!A:C, 3, FALSE), "Unassigned"), L18) -> 0
A19: Saturday | B19: Setup | E19: 90 | F19: =IF(D19<>"", D19, IF(ISNUMBER(C19), $E$4 + C19, G18)) -> 0 | G19: =F19 + (E19/1440) -> 0 | H19: Camp Setup | I19: Set-up shelters, Bivvie equipment, prepare fire | J19: {=IFERROR(JOIN(", ", _xlfn._xlws.FILTER('4. Equipment & Shopping'!B:B, '4. Equipment & Shopping'!D:D=H19)), "None")} -> 0 | K19: Logistics Lead | M19: =IF(L19="", IFERROR(VLOOKUP(K19, '1. Roster & Roles'!A:C, 3, FALSE), "Unassigned"), L19) -> 0
A20: Saturday | B20: Dinner Prep | E20: 60 | F20: =IF(D20<>"", D20, IF(ISNUMBER(C20), $E$4 + C20, G19)) -> 0 | G20: =F20 + (E20/1440) -> 0 | H20: Dinner Prep | I20: Prepare and Cook Supper | J20: {=IFERROR(JOIN(", ", _xlfn._xlws.FILTER('4. Equipment & Shopping'!B:B, '4. Equipment & Shopping'!D:D=H20)), "None")} -> 0 | K20: Catering / Food Lead | M20: =IF(L20="", IFERROR(VLOOKUP(K20, '1. Roster & Roles'!A:C, 3, FALSE), "Unassigned"), L20) -> 0
A21: Saturday | B21: Dinner | E21: 30 | F21: =IF(D21<>"", D21, IF(ISNUMBER(C21), $E$4 + C21, G20)) -> 0 | G21: =F21 + (E21/1440) -> 0 | H21: Dinner | I21: Dads and daughters have supper together | J21: {=IFERROR(JOIN(", ", _xlfn._xlws.FILTER('4. Equipment & Shopping'!B:B, '4. Equipment & Shopping'!D:D=H21)), "None")} -> 0 | K21: Oversight Lead | M21: =IF(L21="", IFERROR(VLOOKUP(K21, '1. Roster & Roles'!A:C, 3, FALSE), "Unassigned"), L21) -> 0
A22: Saturday | B22: Evening | E22: 60 | F22: =IF(D22<>"", D22, IF(ISNUMBER(C22), $E$4 + C22, G21)) -> 0 | G22: =F22 + (E22/1440) -> 0 | H22: Stokbrood | I22: Marshmallows and stokbrood at fire, chat about questions | J22: {=IFERROR(JOIN(", ", _xlfn._xlws.FILTER('4. Equipment & Shopping'!B:B, '4. Equipment & Shopping'!D:D=H22)), "None")} -> 0 | K22: Session Coordinator | M22: =IF(L22="", IFERROR(VLOOKUP(K22, '1. Roster & Roles'!A:C, 3, FALSE), "Unassigned"), L22) -> 0
A23: Saturday | B23: Wind Down | E23: 60 | F23: =IF(D23<>"", D23, IF(ISNUMBER(C23), $E$4 + C23, G22)) -> 0 | G23: =F23 + (E23/1440) -> 0 | H23: Skits & Debrief | I23: Present skits and carving, end of evening debrief | J23: {=IFERROR(JOIN(", ", _xlfn._xlws.FILTER('4. Equipment & Shopping'!B:B, '4. Equipment & Shopping'!D:D=H23)), "None")} -> 0 | K23: Oversight Lead | M23: =IF(L23="", IFERROR(VLOOKUP(K23, '1. Roster & Roles'!A:C, 3, FALSE), "Unassigned"), L23) -> 0
A24: Saturday | B24: Lights Out | E24: 0 | F24: =IF(D24<>"", D24, IF(ISNUMBER(C24), $E$4 + C24, G23)) -> 0 | G24: =F24 + (E24/1440) -> 0 | H24: Bed Time | I24: Bed time | J24: {=IFERROR(JOIN(", ", _xlfn._xlws.FILTER('4. Equipment & Shopping'!B:B, '4. Equipment & Shopping'!D:D=H24)), "None")} -> 0 | K24: Oversight Lead | M24: =IF(L24="", IFERROR(VLOOKUP(K24, '1. Roster & Roles'!A:C, 3, FALSE), "Unassigned"), L24) -> 0
A25: Sunday | B25: Morning | E25: 45 | F25: =IF(D25<>"", D25, IF(ISNUMBER(C25), $E$4 + C25, G24)) -> 0 | G25: =F25 + (E25/1440) -> 0 | H25: Wake Up | I25: Wake up, dam swim, boil kettles, coffee | J25: {=IFERROR(JOIN(", ", _xlfn._xlws.FILTER('4. Equipment & Shopping'!B:B, '4. Equipment & Shopping'!D:D=H25)), "None")} -> 0 | K25: Logistics Lead | M25: =IF(L25="", IFERROR(VLOOKUP(K25, '1. Roster & Roles'!A:C, 3, FALSE), "Unassigned"), L25) -> 0
A26: Sunday | B26: Session 1 | E26: 90 | F26: =IF(D26<>"", D26, IF(ISNUMBER(C26), $E$4 + C26, G25)) -> 0 | G26: =F26 + (E26/1440) -> 0 | H26: Malachi | I26: Malachi discussion (sand demo) and communion | J26: {=IFERROR(JOIN(", ", _xlfn._xlws.FILTER('4. Equipment & Shopping'!B:B, '4. Equipment & Shopping'!D:D=H26)), "None")} -> 0 | K26: Session Coordinator | M26: =IF(L26="", IFERROR(VLOOKUP(K26, '1. Roster & Roles'!A:C, 3, FALSE), "Unassigned"), L26) -> 0
A27: Sunday | B27: Session 2 | E27: 15 | F27: =IF(D27<>"", D27, IF(ISNUMBER(C27), $E$4 + C27, G26)) -> 0 | G27: =F27 + (E27/1440) -> 0 | H27: Quiet Time | I27: Father and Daughter Quiet time (reflect on Malachi) | J27: {=IFERROR(JOIN(", ", _xlfn._xlws.FILTER('4. Equipment & Shopping'!B:B, '4. Equipment & Shopping'!D:D=H27)), "None")} -> 0 | K27: Oversight Lead | M27: =IF(L27="", IFERROR(VLOOKUP(K27, '1. Roster & Roles'!A:C, 3, FALSE), "Unassigned"), L27) -> 0
A28: Sunday | B28: Breakfast | E28: 60 | F28: =IF(D28<>"", D28, IF(ISNUMBER(C28), $E$4 + C28, G27)) -> 0 | G28: =F28 + (E28/1440) -> 0 | H28: Breakfast | I28: Breakfast | J28: {=IFERROR(JOIN(", ", _xlfn._xlws.FILTER('4. Equipment & Shopping'!B:B, '4. Equipment & Shopping'!D:D=H28)), "None")} -> 0 | K28: Catering / Food Lead | M28: =IF(L28="", IFERROR(VLOOKUP(K28, '1. Roster & Roles'!A:C, 3, FALSE), "Unassigned"), L28) -> 0
... A33: Sunday | B33: Departure | E33: 0 | F33: =IF(D33<>"", D33, IF(ISNUMBER(C33), $E$4 + C33, G32)) -> 0 | G33: =F33 + (E33/1440) -> 0 | H33: Departure | I33: Depart from camp | J33: {=IFERROR(JOIN(", ", _xlfn._xlws.FILTER('4. Equipment & Shopping'!B:B, '4. Equipment & Shopping'!D:D=H33)), "None")} -> 0 | K33: Administration | M33: =IF(L33="", IFERROR(VLOOKUP(K33, '1. Roster & Roles'!A:C, 3, FALSE), "Unassigned"), L33) -> 0

Sheet 3. Task Checklist
A1: General Task Checklist

Sheet 4. Equipment & Shopping
A1: Master Equipment & Shopping List
A5: Category | B5: Item | C5: Qty | D5: Linked Activity | E5: Default Role | F5: Custom Override | G5: Final Assigned | H5: Status
A6: Activities | B6: Dad and daughter questions | C6: 16 | D6: Stokbrood | E6: Session Coordinator | G6: =IF(F6="", IFERROR(VLOOKUP(E6, '1. Roster & Roles'!A:C, 3, FALSE), "Unassigned"), F6) -> 0 | H6: Pending
A7: Activities | B7: Stokbrood Stok | C7: 43 | D7: Stokbrood | E7: Logistics Lead | G7: =IF(F7="", IFERROR(VLOOKUP(E7, '1. Roster & Roles'!A:C, 3, FALSE), "Unassigned"), F7) -> 0 | H7: Pending
A8: Activities | B8: Tug of war rope | C8: 1 | D8: Tug of War | E8: Activity Facilitator | G8: =IF(F8="", IFERROR(VLOOKUP(E8, '1. Roster & Roles'!A:C, 3, FALSE), "Unassigned"), F8) -> 0 | H8: Pending
A9: Activities | B9: Communion cups | C9: 50 | D9: Malachi | E9: Session Coordinator | G9: =IF(F9="", IFERROR(VLOOKUP(E9, '1. Roster & Roles'!A:C, 3, FALSE), "Unassigned"), F9) -> 0 | H9: Pending
A10: Activities | B10: Claylatt | C10: 43 | D10: Clay Latte | E10: Activity Facilitator | G10: =IF(F10="", IFERROR(VLOOKUP(E10, '1. Roster & Roles'!A:C, 3, FALSE), "Unassigned"), F10) -> 0 | H10: Pending
A11: Activities | B11: Clay - bag | C11: 1 | D11: Clay Latte | E11: Activity Facilitator | G11: =IF(F11="", IFERROR(VLOOKUP(E11, '1. Roster & Roles'!A:C, 3, FALSE), "Unassigned"), F11) -> 0 | H11: Pending
A12: Activities | B12: Bivvy's (Shelter) | C12: 21.5 | D12: Camp Setup | E12: Logistics Lead | G12: =IF(F12="", IFERROR(VLOOKUP(E12, '1. Roster & Roles'!A:C, 3, FALSE), "Unassigned"), F12) -> 0 | H12: Pending
A13: Activities | B13: Guy ropes (Shelter) | C13: 86 | D13: Camp Setup | E13: Logistics Lead | G13: =IF(F13="", IFERROR(VLOOKUP(E13, '1. Roster & Roles'!A:C, 3, FALSE), "Unassigned"), F13) -> 0 | H13: Pending
A14: Activities | B14: Pegs (Shelter) | C14: 86 | D14: Camp Setup | E14: Logistics Lead | G14: =IF(F14="", IFERROR(VLOOKUP(E14, '1. Roster & Roles'!A:C, 3, FALSE), "Unassigned"), F14) -> 0 | H14: Pending
A15: Shopping List (Food) | B15: Coffee Instant | C15: 2 jars | D15: Wake Up | E15: Catering / Food Lead | G15: =IF(F15="", IFERROR(VLOOKUP(E15, '1. Roster & Roles'!A:C, 3, FALSE), "Unassigned"), F15) -> 0 | H15: Pending
A16: Shopping List (Food) | B16: Braai Brood (stok brood) | C16: 6 bags | D16: Stokbrood | E16: Catering / Food Lead | G16: =IF(F16="", IFERROR(VLOOKUP(E16, '1. Roster & Roles'!A:C, 3, FALSE), "Unassigned"), F16) -> 0 | H16: Pending
A17: Shopping List (Food) | B17: Marshmallows | C17: 3 x 300g | D17: Stokbrood | E17: Catering / Food Lead | G17: =IF(F17="", IFERROR(VLOOKUP(E17, '1. Roster & Roles'!A:C, 3, FALSE), "Unassigned"), F17) -> 0 | H17: Pending
... A19: Shopping List (Food) | B19: Communion loaf | C19: 1 loaf | D19: Malachi | E19: Catering / Food Lead | G19: =IF(F19="", IFERROR(VLOOKUP(E19, '1. Roster & Roles'!A:C, 3, FALSE), "Unassigned"), F19) -> 0 | H19: Pending

Sheet 5. Activity Playbook
A1: Activity Playbook
A2: Detailed rules, concepts, and instructions for each activity.
A5: Linked Activity | B5: Goal / Objective | C5: Instructions & Rules
A6: Clay Latte | B6: Draw fathers and daughters together through teamwork. | C6: Dad and daughter tied together with a guy rope. Must navigate an obstacle course or complete a challenge as a mixed team across the middle line.
A7: Stokbrood | B7: Quality conversational time. | C7: Layout tables, maize meal, dough, stokke, syrup, and marshmallows by the fire. Dads and daughters cook their stokbrood while discussing the printed question cards.
A8: Malachi | B8: Spiritual reflection on restoration. | C8: Demo the shaking sand in a tray. Discuss how the solution is Fathers turning towards children and vice versa. Followed by communion elements.
A9: Pack Up | B9: Teamwork and responsibility. | C9: Sons/Daughters oversee the packing of their family tent and gear before participating in the final activity.
